Bin,Lower,Upper,Count,MeanProbability,ObservedFraction
1,0,0.1,541,0.039887680465587,0.0295748613678373
2,0.1,0.2,103,0.141521103133455,0.174757281553398
3,0.2,0.3,52,0.245560392788873,0.269230769230769
4,0.3,0.4,26,0.343660513912983,0.461538461538462
5,0.4,0.5,35,0.456241055883938,0.485714285714286
6,0.5,0.6,40,0.555630911848049,0.5
7,0.6,0.7,49,0.659471811010266,0.551020408163265
8,0.7,0.8,81,0.753702335417361,0.728395061728395
9,0.8,0.9,78,0.85003394862526,0.782051282051282
10,0.9,1,74,0.944703202042766,0.959459459459459
