Configuration,Family,MeanBA,StdBA,MeanF1,MeanRecall1
LR lambda=1,LR,0.5,0,0,0
LR lambda=0.01,LR,0.670119142220079,0.0157060795357053,0.525612739011378,0.465068226120858
LR lambda=0.0001,LR,0.675680002586596,0.015699689692984,0.535265466250261,0.47880813143971
kNN k=21 weight=equal,kNN,0.799323548618099,0.0143258007278094,0.721895851594172,0.690303536619326
kNN k=21 weight=inverse,kNN,0.821629637784274,0.00826337197181907,0.755265782862533,0.720952380952381
kNN k=11 weight=equal,kNN,0.813669339744887,0.00906976376480468,0.744147834563149,0.707218045112782
kNN k=11 weight=inverse,kNN,0.837298460639139,0.00713328912761315,0.778592623587066,0.74312447786132
kNN k=5 weight=equal,kNN,0.822397876129946,0.0102582235871165,0.754860000333742,0.72729044834308
kNN k=5 weight=inverse,kNN,0.840311807145801,0.0135167731475534,0.781137961067758,0.752642717905876
kNN k=3 weight=equal,kNN,0.828286626890599,0.0131569240917201,0.762207889394195,0.739949874686717
kNN k=3 weight=inverse,kNN,0.841857183129643,0.009726166697489,0.782430564732352,0.757922584238374
SVM C=0.1 gamma=0.01 prior=empirical,SVM,0.590490049795551,0.0213243003441346,0.342861846617715,0.242077415761626
SVM C=0.1 gamma=0.01 prior=uniform,SVM,0.750976610261562,0.0157463425624025,0.63319495255176,0.817103870788081
SVM C=0.1 gamma=0.1 prior=empirical,SVM,0.754486460893507,0.0140963459684262,0.652501726206528,0.654313561681983
SVM C=0.1 gamma=0.1 prior=uniform,SVM,0.786002506623324,0.0352618342780719,0.678136683946514,0.818167641325536
SVM C=0.1 gamma=1 prior=empirical,SVM,0.7565186419827,0.0101457319725236,0.66422127891679,0.589857978279031
SVM C=0.1 gamma=1 prior=uniform,SVM,0.83876709140205,0.0166384054934462,0.733550423537687,0.922834864940128
SVM C=0.1 gamma=10 prior=empirical,SVM,0.5,0,0,0
SVM C=0.1 gamma=10 prior=uniform,SVM,0.842117589547119,0.0068986287813466,0.766499407953636,0.810827067669173
SVM C=1 gamma=0.01 prior=empirical,SVM,0.725543575381071,0.0152503149478462,0.612641993916378,0.587697020328599
SVM C=1 gamma=0.01 prior=uniform,SVM,0.763494122897506,0.0177426679692705,0.649681077455966,0.805474798106377
SVM C=1 gamma=0.1 prior=empirical,SVM,0.786203287566463,0.00834649947019509,0.694981394212839,0.710336953494848
SVM C=1 gamma=0.1 prior=uniform,SVM,0.83151087611428,0.0172031644774159,0.727815806582546,0.899587858535227
SVM C=1 gamma=1 prior=empirical,SVM,0.826568556276669,0.01610638594218,0.762394958233032,0.727340573656363
SVM C=1 gamma=1 prior=uniform,SVM,0.854047246008391,0.0104316301751874,0.765864690614997,0.882695627958786
SVM C=1 gamma=10 prior=empirical,SVM,0.778012198776188,0.017554523015423,0.702592215832578,0.601420217209691
SVM C=1 gamma=10 prior=uniform,SVM,0.817808858419131,0.0153815039008363,0.750552033861209,0.712442216652743
SVM C=10 gamma=0.01 prior=empirical,SVM,0.740276243595832,0.0174869523266309,0.633794425314143,0.614107490949596
SVM C=10 gamma=0.01 prior=uniform,SVM,0.793678823453588,0.0214651440897344,0.683082751914034,0.856223893065998
SVM C=10 gamma=0.1 prior=empirical,SVM,0.820070611354427,0.00185673403690649,0.745913474418093,0.743152325257588
SVM C=10 gamma=0.1 prior=uniform,SVM,0.837182360673782,0.0118001614010402,0.734416825280366,0.907006404901142
SVM C=10 gamma=1 prior=empirical,SVM,0.84610302907138,0.00502779173886664,0.787644465690288,0.766410470620997
SVM C=10 gamma=1 prior=uniform,SVM,0.865689963413543,0.00645438526870315,0.795038747554643,0.850983013088276
SVM C=10 gamma=10 prior=empirical,SVM,0.794914815079483,0.0191340617714994,0.723644021776151,0.650064049011417
SVM C=10 gamma=10 prior=uniform,SVM,0.792701167394612,0.0171888968255556,0.718889398688639,0.652186020607073
CS-SVM C=1 gamma=0.1 FNcost=1.25,CS_SVM,0.798783133877162,0.0192563996913662,0.704111628054885,0.769534948482317
CS-SVM C=1 gamma=0.1 FNcost=1.5,CS_SVM,0.813547198904588,0.0184928873781605,0.715469602757367,0.828744082428293
CS-SVM C=1 gamma=0.1 FNcost=2,CS_SVM,0.828293390238447,0.0219971506870892,0.728005586797791,0.87526037315511
CS-SVM C=1 gamma=0.1 FNcost=3,CS_SVM,0.832133828735151,0.012323078682397,0.724377421155554,0.921787802840434
CS-SVM C=1 gamma=1 FNcost=1.25,CS_SVM,0.840886773259318,0.0110595680599377,0.773229263253621,0.779114452798663
CS-SVM C=1 gamma=1 FNcost=1.5,CS_SVM,0.853644792833755,0.0137471263017204,0.783378640611104,0.820345307713729
CS-SVM C=1 gamma=1 FNcost=2,CS_SVM,0.852375942997031,0.0120834849812315,0.771900834931328,0.850983013088276
CS-SVM C=1 gamma=1 FNcost=3,CS_SVM,0.846932260582672,0.0101379997817037,0.74950409328357,0.903820662768031
CS-SVM C=1 gamma=10 FNcost=1.25,CS_SVM,0.796596983797222,0.0163363779694514,0.72792319544662,0.646883876357561
CS-SVM C=1 gamma=10 FNcost=1.5,CS_SVM,0.802501015932817,0.0141313291011225,0.733980324564501,0.666984126984127
CS-SVM C=1 gamma=10 FNcost=2,CS_SVM,0.808924843003419,0.0149086892040392,0.740594871791945,0.688125870231133
CS-SVM C=1 gamma=10 FNcost=3,CS_SVM,0.826130746994781,0.015104995583798,0.758757474680844,0.737816764132553
CS-SVM C=10 gamma=0.1 FNcost=1.25,CS_SVM,0.827661788686976,0.012691883052848,0.745858605291165,0.79281537176274
CS-SVM C=10 gamma=0.1 FNcost=1.5,CS_SVM,0.833582550719923,0.0150593963579286,0.744255456343509,0.838262322472849
CS-SVM C=10 gamma=0.1 FNcost=2,CS_SVM,0.836153444089145,0.00916938018080081,0.738106502666087,0.882684489000279
CS-SVM C=10 gamma=0.1 FNcost=3,CS_SVM,0.834515660244026,0.0104440786775202,0.728774768672569,0.91651350598719
CS-SVM C=10 gamma=1 FNcost=1.25,CS_SVM,0.856411256042037,0.00909290545289927,0.796499183231688,0.797064884433306
CS-SVM C=10 gamma=1 FNcost=1.5,CS_SVM,0.858666765666914,0.00821991223182931,0.795182336523126,0.812926761347814
CS-SVM C=10 gamma=1 FNcost=2,CS_SVM,0.863403736529725,0.00826020829105999,0.795483711323334,0.837243107769424
CS-SVM C=10 gamma=1 FNcost=3,CS_SVM,0.864462894685697,0.0102141011901604,0.79009403945255,0.859443052074631
CS-SVM C=10 gamma=10 FNcost=1.25,CS_SVM,0.794570553163169,0.0174534945355958,0.722685847415071,0.651122250069619
CS-SVM C=10 gamma=10 FNcost=1.5,CS_SVM,0.794011211062734,0.017170881766927,0.721348879486525,0.652186020607073
CS-SVM C=10 gamma=10 FNcost=2,CS_SVM,0.792701643082218,0.0171257947197095,0.718876023119146,0.652186020607073
CS-SVM C=10 gamma=10 FNcost=3,CS_SVM,0.793101561879125,0.0196418359900313,0.718985772862176,0.654296853244222
MLP layers=16 lambda=0.01 iter=300,MLP,0.739989523665983,0.00875659226409091,0.634390925085812,0.606410470620997
MLP layers=16 lambda=0.01 iter=1000,MLP,0.73981315682295,0.00869270434020926,0.63417162702599,0.60605773693493
MLP layers=16 lambda=0.0001 iter=300,MLP,0.81941191754586,0.0109658717457574,0.745775791437504,0.738928803490207
MLP layers=16 lambda=0.0001 iter=1000,MLP,0.819339295904611,0.00957018261993144,0.745642446762074,0.738928803490207
MLP layers=32 lambda=0.01 iter=300,MLP,0.739318417152947,0.00658956327489009,0.633397791739983,0.605359695535134
MLP layers=32 lambda=0.01 iter=1000,MLP,0.739287610717483,0.00598959703093517,0.633379371519686,0.605006961849067
MLP layers=32 lambda=0.0001 iter=300,MLP,0.833181423032708,0.0148451881113707,0.766326058074982,0.755848881462917
MLP layers=32 lambda=0.0001 iter=1000,MLP,0.83207258949955,0.0153160925315421,0.764998646067902,0.753049289891395
MLP layers=[32 16] lambda=0.01 iter=300,MLP,0.755293508671547,0.010646059988821,0.656151750959713,0.634257866889446
MLP layers=[32 16] lambda=0.01 iter=1000,MLP,0.754743840793295,0.0119185255728807,0.6554834646089,0.632139608279959
MLP layers=[32 16] lambda=0.0001 iter=300,MLP,0.835786836777323,0.0190610659384756,0.769628189720236,0.760768588137009
MLP layers=[32 16] lambda=0.0001 iter=1000,MLP,0.83293094859095,0.0170007828500648,0.763964553331678,0.761457347071382
