UniqueRow,RepresentativeOriginalRow,OriginalCount,Class
1,1,1,0
2,2,1,0
3,3,1,0
4,4,1,0
5,5,1,0
6,6,1,0
7,7,1,0
8,8,1,0
9,9,1,0
10,10,1,1
11,11,1,1
12,12,1,1
13,13,1,1
14,14,1,1
15,15,1,0
16,16,1,0
17,17,1,0
18,18,1,0
19,19,1,1
20,20,1,0
21,21,1,0
22,22,1,0
23,23,1,1
24,24,1,0
25,25,1,1
26,26,1,0
27,27,1,0
28,28,1,0
29,29,1,0
30,30,1,0
31,31,1,0
32,32,1,0
33,33,1,0
34,34,1,1
35,35,1,0
36,36,1,0
37,37,1,0
38,38,1,0
39,39,1,1
40,40,1,1
41,41,1,0
42,42,1,0
43,43,1,0
44,44,1,0
45,45,1,0
46,46,1,0
47,47,1,1
48,48,1,0
49,49,1,1
50,50,1,0
51,51,1,0
52,52,1,0
53,53,1,0
54,54,1,0
55,55,1,0
56,56,1,1
57,57,1,0
58,58,1,0
59,59,1,1
60,60,1,0
61,61,1,0
62,62,1,0
63,63,1,0
64,64,1,1
65,65,1,1
66,66,1,0
67,67,1,1
68,68,1,1
69,69,1,0
70,70,1,0
71,71,1,0
72,72,1,0
73,73,1,0
74,74,1,0
75,75,1,0
76,76,1,0
77,77,1,0
78,78,1,0
79,79,1,0
80,80,1,0
81,81,1,0
82,82,1,1
83,83,1,0
84,84,1,0
85,85,1,0
86,86,1,0
87,87,1,1
88,88,1,0
89,89,1,0
90,90,1,1
91,91,1,0
92,92,1,1
93,93,1,1
94,94,2,1
95,95,1,1
96,96,1,0
97,97,1,1
98,98,1,0
99,99,1,0
100,100,1,0
101,101,1,0
102,102,1,0
103,103,1,1
104,104,1,1
105,105,1,0
106,106,1,0
107,107,1,0
108,108,1,0
109,109,1,1
110,110,1,0
111,111,1,1
112,112,1,0
113,113,1,0
114,114,1,1
115,115,1,0
116,116,1,0
117,117,1,0
118,118,1,1
119,119,1,0
120,120,1,1
121,121,1,0
122,122,1,0
123,123,1,0
124,124,1,1
125,125,1,0
126,126,1,0
127,127,1,0
128,128,1,1
129,129,1,0
130,130,1,1
131,131,1,0
132,132,1,0
133,133,1,0
134,134,1,0
135,135,1,1
136,136,1,0
137,137,1,0
138,138,1,1
139,139,1,0
140,140,1,0
141,141,1,0
142,142,1,0
143,143,1,1
144,144,1,0
145,145,1,1
146,146,1,0
147,147,1,0
148,148,1,1
149,149,1,0
150,150,1,0
151,151,1,0
152,152,1,0
153,153,1,1
154,154,1,0
155,155,1,0
156,156,1,1
157,157,1,0
158,158,1,0
159,159,1,0
160,160,1,0
161,161,1,0
162,162,1,0
163,163,1,0
164,164,1,1
165,165,1,1
166,166,1,0
167,167,1,0
168,168,1,0
169,169,1,1
170,170,1,0
171,171,1,0
172,172,1,1
173,173,1,0
174,174,1,0
175,175,1,0
176,176,1,0
177,177,1,0
178,178,1,0
179,179,1,0
180,180,1,0
181,181,1,0
182,182,1,0
183,183,1,0
184,184,1,0
185,185,1,0
186,186,1,1
187,187,1,0
188,188,1,0
189,189,1,0
190,190,1,0
191,191,1,0
192,192,1,0
193,193,1,0
194,194,1,0
195,195,1,1
196,196,1,1
197,197,1,0
198,198,1,0
199,199,1,0
200,200,1,0
201,201,1,0
202,202,1,1
203,203,1,1
204,204,1,0
205,205,1,0
206,206,1,0
207,207,1,0
208,208,1,1
209,209,1,0
210,210,1,0
211,211,1,0
212,212,1,0
213,213,1,0
214,214,1,0
215,215,1,0
216,216,1,1
217,217,1,0
218,218,1,0
219,219,1,1
220,220,1,0
221,221,1,0
222,222,1,0
223,223,1,0
224,224,1,1
225,225,1,0
226,226,1,0
227,227,1,0
228,228,1,0
229,229,1,0
230,230,1,0
231,231,1,0
232,232,1,1
233,233,1,0
234,234,1,0
235,235,1,0
236,236,1,1
237,237,1,0
238,238,1,1
239,239,1,1
240,240,1,0
241,241,1,0
242,242,1,0
243,243,1,0
244,244,1,0
245,245,1,1
246,246,1,1
247,247,1,0
248,248,1,0
249,249,1,0
250,250,1,1
251,251,1,1
252,252,1,0
253,253,1,0
254,254,1,1
255,255,1,0
256,256,1,0
257,257,1,0
258,258,1,0
259,259,1,0
260,260,1,0
261,261,1,0
262,262,1,0
263,263,1,0
264,264,1,0
265,265,1,0
266,266,1,0
267,267,1,0
268,268,1,0
269,269,1,1
270,270,1,1
271,271,1,1
272,272,1,0
273,273,1,1
274,274,1,0
275,275,1,0
276,276,1,1
277,277,1,0
278,278,1,0
279,279,1,1
280,280,1,0
281,281,1,0
282,282,1,1
283,283,1,1
284,284,1,0
285,285,1,1
286,286,1,0
287,287,1,0
288,288,1,0
289,289,1,1
290,290,1,1
291,291,1,0
292,292,1,0
293,293,1,0
294,294,1,1
295,295,1,0
296,296,1,0
297,297,1,0
298,298,1,0
299,299,1,0
300,300,1,1
301,301,1,0
302,302,1,1
303,303,1,0
304,304,1,0
305,305,1,1
306,306,1,0
307,307,1,1
308,308,1,0
309,309,1,0
310,310,1,1
311,311,1,0
312,312,1,0
313,313,1,0
314,314,1,0
315,315,1,0
316,316,1,0
317,317,1,0
318,318,1,1
319,319,1,0
320,320,1,0
321,321,1,0
322,322,1,0
323,323,1,1
324,324,1,0
325,325,1,1
326,326,1,1
327,327,1,1
328,328,1,0
329,329,1,0
330,330,1,1
331,331,1,0
332,332,1,0
333,333,1,0
334,334,1,1
335,335,1,0
336,336,1,1
337,337,1,0
338,338,1,1
339,339,1,0
340,340,1,0
341,341,1,0
342,342,1,1
343,343,1,0
344,344,1,0
345,345,1,1
346,346,1,0
347,347,1,0
348,348,1,0
349,349,1,0
350,350,1,0
351,351,1,0
352,352,1,0
353,353,1,1
354,354,1,0
355,355,1,0
356,356,1,0
357,357,1,0
358,358,1,0
359,359,1,0
360,360,1,1
361,361,1,1
362,362,1,0
363,364,1,1
364,365,1,1
365,366,1,0
366,367,1,0
367,368,1,0
368,369,1,0
369,370,1,1
370,371,1,0
371,372,1,0
372,373,1,0
373,374,1,0
374,375,1,1
375,376,1,0
376,377,1,0
377,378,1,0
378,379,1,0
379,380,1,0
380,381,1,0
381,382,1,0
382,383,1,0
383,384,1,0
384,385,1,1
385,386,1,1
386,387,1,0
387,388,1,1
388,389,1,0
389,390,1,0
390,391,1,0
391,392,1,0
392,393,1,1
393,394,1,0
394,395,1,1
395,396,1,1
396,397,1,0
397,398,1,0
398,399,1,1
399,400,1,0
400,401,1,0
401,402,1,1
402,403,1,0
403,404,1,0
404,405,1,0
405,406,1,0
406,407,1,0
407,408,1,0
408,409,1,0
409,410,1,1
410,411,1,0
411,412,1,0
412,413,1,0
413,414,1,0
414,415,1,0
415,416,1,1
416,417,1,0
417,418,1,0
418,419,1,0
419,420,1,0
420,421,1,0
421,422,1,0
422,423,1,0
423,424,1,1
424,425,1,0
425,426,1,0
426,427,1,0
427,428,1,0
428,429,1,0
429,430,1,0
430,431,1,1
431,432,1,0
432,433,1,0
433,434,1,0
434,435,1,0
435,436,1,0
436,437,1,1
437,438,1,0
438,439,1,0
439,440,1,0
440,441,1,1
441,442,1,0
442,443,1,0
443,444,1,0
444,445,1,0
445,446,1,0
446,447,1,0
447,448,1,1
448,449,1,1
449,450,1,0
450,451,1,1
451,452,1,0
452,453,1,1
453,454,1,1
454,455,1,1
455,456,1,0
456,457,1,0
457,458,1,0
458,459,1,0
459,460,1,0
460,461,1,0
461,462,1,1
462,463,1,0
463,464,1,0
464,465,1,0
465,466,1,0
466,467,1,0
467,468,1,0
468,469,1,0
469,470,1,1
470,471,1,0
471,472,1,0
472,473,1,0
473,474,1,0
474,475,1,0
475,476,1,0
476,477,1,0
477,478,1,0
478,479,1,0
479,480,1,0
480,481,1,0
481,482,1,0
482,483,1,0
483,484,1,0
484,485,1,0
485,486,1,0
486,487,1,1
487,488,1,0
488,489,1,1
489,490,1,0
490,491,1,1
491,492,1,0
492,493,1,0
493,494,1,1
494,495,1,0
495,496,1,0
496,497,1,1
497,498,1,0
498,499,1,1
499,500,1,0
500,501,1,1
501,502,1,1
502,503,1,0
503,504,1,0
504,505,1,0
505,506,1,0
506,507,1,0
507,508,1,0
508,509,1,0
509,510,1,0
510,511,1,0
511,512,1,0
512,513,1,0
513,514,1,1
514,515,1,0
515,516,1,1
516,517,1,1
517,518,1,0
518,519,1,1
519,520,1,0
520,521,1,0
521,522,1,0
522,523,1,1
523,524,1,1
524,525,1,0
525,526,1,0
526,527,1,0
527,528,1,0
528,529,1,0
529,530,1,1
530,531,1,0
531,532,1,0
532,533,1,1
533,534,1,0
534,535,1,0
535,536,1,1
536,537,1,0
537,538,1,0
538,539,1,0
539,540,1,0
540,541,1,0
541,542,1,0
542,543,1,0
543,544,1,0
544,545,1,0
545,546,1,1
546,547,1,1
547,548,1,1
548,549,1,0
549,550,1,0
550,551,1,0
551,552,1,0
552,553,1,0
553,554,1,0
554,555,1,0
555,556,1,1
556,557,1,0
557,558,1,1
558,559,1,0
559,560,1,0
560,561,1,0
561,562,1,0
562,563,1,0
563,564,1,0
564,565,1,0
565,566,1,0
566,567,1,1
567,568,1,0
568,569,1,1
569,570,1,0
570,571,1,0
571,572,1,0
572,573,1,0
573,574,1,0
574,575,1,0
575,576,1,0
576,577,1,0
577,578,1,1
578,579,1,0
579,580,1,0
580,581,1,0
581,582,1,0
582,583,1,1
583,584,1,0
584,585,1,0
585,586,1,0
586,587,1,0
587,588,1,0
588,589,1,1
589,590,1,0
590,591,1,0
591,592,1,0
592,593,1,0
593,594,1,1
594,595,1,0
595,596,1,0
596,597,1,1
597,598,1,1
598,599,1,1
599,600,1,1
600,601,1,0
601,602,1,1
602,603,1,0
603,604,1,0
604,605,1,1
605,606,1,0
606,607,1,1
607,608,1,1
608,609,1,0
609,610,1,1
610,611,1,1
611,612,1,1
612,613,1,1
613,614,1,0
614,615,1,0
615,616,1,0
616,617,1,0
617,618,1,0
618,619,1,0
619,620,1,0
620,621,1,0
621,622,1,0
622,623,1,0
623,624,1,0
624,625,1,0
625,626,1,1
626,627,1,1
627,628,1,0
628,629,1,1
629,630,1,0
630,631,1,0
631,632,1,0
632,633,1,1
633,634,1,1
634,635,1,1
635,636,1,0
636,637,1,1
637,638,1,0
638,639,1,1
639,640,1,0
640,641,1,0
641,642,1,0
642,643,1,0
643,644,1,0
644,645,1,0
645,646,1,1
646,647,1,0
647,648,1,0
648,649,1,1
649,650,1,0
650,651,1,0
651,652,1,0
652,653,1,0
653,654,1,0
654,655,1,0
655,656,1,1
656,657,1,1
657,658,1,0
658,659,1,0
659,660,1,0
660,661,1,0
661,662,1,0
662,663,1,0
663,664,1,1
664,665,1,1
665,666,1,0
666,667,1,1
667,668,1,0
668,669,1,1
669,670,1,0
670,671,1,0
671,672,1,0
672,673,1,0
673,674,1,0
674,675,1,1
675,676,1,1
676,677,1,0
677,678,1,0
678,679,1,0
679,680,1,0
680,681,1,0
681,682,1,1
682,683,1,0
683,684,1,1
684,685,1,1
685,686,1,0
686,687,1,1
687,688,1,1
688,689,1,1
689,690,1,1
690,691,1,1
691,692,1,0
692,693,1,0
693,694,1,0
694,695,1,0
695,696,1,0
696,697,1,0
697,698,1,1
698,699,1,0
699,700,1,1
700,701,1,0
701,702,1,0
702,703,1,0
703,704,1,1
704,705,1,1
705,706,1,0
706,707,1,0
707,708,1,0
708,709,1,0
709,710,1,1
710,711,1,1
711,712,1,0
712,713,1,1
713,714,1,0
714,715,1,0
715,716,1,0
716,717,1,0
717,718,1,0
718,719,1,1
719,720,1,0
720,721,1,0
721,722,1,0
722,723,1,1
723,724,1,1
724,725,1,0
725,726,2,1
726,727,1,0
727,728,1,1
728,729,1,1
729,730,1,0
730,731,1,0
731,732,1,1
732,733,1,1
733,734,1,1
734,735,1,0
735,736,1,0
736,737,1,0
737,738,1,0
738,739,1,0
739,740,1,1
740,741,1,1
741,742,1,0
742,743,1,0
743,744,1,0
744,745,1,0
745,746,1,0
746,747,1,1
747,748,1,1
748,749,1,0
749,750,1,0
750,751,1,0
751,752,1,1
752,753,1,1
753,754,1,0
754,755,1,0
755,756,1,0
756,757,1,0
757,758,1,0
758,759,1,0
759,760,1,0
760,761,1,0
761,762,1,1
762,763,1,0
763,764,1,1
764,765,1,0
765,766,1,0
766,767,1,0
767,768,1,0
768,769,1,0
769,770,1,0
770,771,1,0
771,772,1,0
772,773,1,1
773,774,1,0
774,775,1,0
775,776,1,0
776,777,1,1
777,778,1,0
778,779,1,0
779,780,1,0
780,781,1,0
781,782,1,1
782,783,1,0
783,784,1,0
784,785,1,0
785,786,1,0
786,787,1,0
787,788,1,0
788,789,1,0
789,790,1,0
790,791,1,1
791,792,1,0
792,793,1,0
793,794,1,0
794,795,1,1
795,796,1,1
796,797,1,0
797,798,1,0
798,799,1,0
799,800,1,0
800,801,1,0
801,802,1,1
802,803,1,0
803,804,1,0
804,805,1,0
805,806,1,1
806,807,1,1
807,808,1,1
808,809,1,0
809,810,1,0
810,811,1,0
811,812,1,0
812,813,1,0
813,814,1,0
814,815,1,0
815,816,1,0
816,817,1,0
817,818,1,0
818,819,1,0
819,820,1,0
820,821,1,0
821,822,1,0
822,823,1,0
823,824,1,0
824,825,1,1
825,826,1,1
826,827,1,1
827,828,1,1
828,829,1,1
829,830,1,0
830,831,1,1
831,832,1,0
832,833,1,0
833,834,1,0
834,835,1,0
835,836,1,0
836,837,1,1
837,838,1,0
838,839,1,0
839,840,1,0
840,841,1,0
841,842,1,1
842,843,1,0
843,844,1,1
844,845,1,0
845,846,1,0
846,847,1,0
847,848,1,1
848,849,1,0
849,850,1,0
850,851,1,1
851,852,1,1
852,853,1,0
853,854,1,1
854,855,1,1
855,856,1,0
856,857,1,1
857,858,1,0
858,859,1,1
859,860,1,0
860,861,1,0
861,862,1,0
862,863,1,0
863,864,1,0
864,865,1,1
865,866,1,0
866,867,1,0
867,868,1,0
868,869,1,1
869,870,1,0
870,871,1,0
871,872,1,0
872,873,1,0
873,874,1,0
874,875,1,0
875,876,1,0
876,877,1,1
877,878,1,0
878,879,1,0
879,880,1,0
880,881,1,1
881,882,1,0
882,883,1,0
883,884,1,0
884,885,1,1
885,886,1,0
886,887,1,0
887,888,1,0
888,889,1,0
889,890,1,0
890,891,1,0
891,892,1,0
892,893,1,0
893,894,1,0
894,895,1,0
895,896,1,1
896,897,1,0
897,898,1,0
898,899,1,0
899,900,1,1
900,901,1,0
901,902,1,0
902,903,1,1
903,904,1,1
904,905,1,0
905,906,1,0
906,907,1,1
907,908,1,1
908,909,1,1
909,910,1,0
910,911,1,0
911,912,1,0
912,913,1,0
913,914,1,0
914,915,1,0
915,916,1,0
916,917,1,0
917,918,1,0
918,919,1,1
919,920,1,0
920,921,1,1
921,922,1,0
922,923,1,1
923,924,1,0
924,925,1,0
925,926,1,0
926,927,1,0
927,928,1,0
928,929,1,0
929,930,1,1
930,931,1,0
931,932,1,0
932,933,1,0
933,934,1,0
934,935,1,0
935,936,1,1
936,937,1,1
937,938,1,0
938,939,1,0
939,940,1,0
940,941,1,0
941,942,1,0
942,943,1,1
943,944,1,0
944,945,1,0
945,946,1,0
946,947,1,0
947,948,1,0
948,949,1,0
949,950,1,1
950,951,1,0
951,952,1,0
952,953,1,1
953,954,1,1
954,955,1,0
955,956,1,0
956,957,1,1
957,958,1,1
958,959,1,0
959,960,1,0
960,961,1,0
961,962,1,0
962,963,1,1
963,964,1,0
964,965,1,0
965,966,1,0
966,967,1,0
967,968,1,1
968,969,1,0
969,970,1,0
970,971,1,0
971,972,1,0
972,973,1,0
973,974,1,0
974,975,1,1
975,976,1,0
976,977,1,1
977,978,1,0
978,979,1,0
979,980,1,1
980,981,1,0
981,982,1,0
982,983,1,0
983,984,1,0
984,985,1,0
985,986,1,0
986,987,1,0
987,988,1,0
988,989,1,0
989,990,1,0
990,991,1,0
991,992,1,0
992,993,1,0
993,994,1,0
994,995,1,0
995,996,1,1
996,997,1,0
997,998,1,0
998,999,1,0
999,1000,1,0
1000,1001,1,0
1001,1002,1,1
1002,1003,1,1
1003,1004,1,1
1004,1005,1,1
1005,1006,1,1
1006,1007,1,0
1007,1008,1,0
1008,1009,1,0
1009,1010,1,0
1010,1011,1,0
1011,1012,1,0
1012,1013,1,0
1013,1014,1,0
1014,1015,1,0
1015,1016,1,0
1016,1017,1,0
1017,1018,1,1
1018,1019,1,0
1019,1020,1,1
1020,1021,1,0
1021,1022,1,0
1022,1023,1,0
1023,1024,1,1
1024,1025,1,1
1025,1026,1,1
1026,1027,1,0
1027,1028,1,0
1028,1029,1,1
1029,1030,1,0
1030,1031,1,0
1031,1032,1,1
1032,1033,1,1
1033,1034,1,0
1034,1035,1,0
1035,1036,1,1
1036,1037,1,0
1037,1038,1,0
1038,1039,1,1
1039,1040,1,0
1040,1041,1,1
1041,1042,1,0
1042,1043,1,0
1043,1044,1,0
1044,1045,1,1
1045,1046,1,0
1046,1047,1,0
1047,1048,1,1
1048,1049,1,1
1049,1050,1,0
1050,1051,1,0
1051,1052,1,0
1052,1053,1,1
1053,1054,1,0
1054,1055,1,0
1055,1056,1,1
1056,1057,1,0
1057,1058,1,0
1058,1059,1,1
1059,1060,1,0
1060,1061,1,0
1061,1062,1,0
1062,1063,1,0
1063,1064,1,1
1064,1065,1,0
1065,1066,1,0
1066,1067,1,0
1067,1068,1,0
1068,1069,1,0
1069,1070,1,0
1070,1071,1,0
1071,1072,1,1
1072,1073,1,0
1073,1074,1,1
1074,1075,1,0
1075,1076,1,0
1076,1077,1,0
1077,1078,1,1
1078,1079,1,0
1079,1080,1,1
1080,1081,1,1
1081,1082,1,0
1082,1083,1,0
1083,1084,1,1
1084,1085,1,0
1085,1086,1,0
1086,1087,1,0
1087,1088,1,0
1088,1089,1,0
1089,1090,1,0
1090,1091,1,0
1091,1092,1,1
1092,1093,1,0
1093,1094,1,0
1094,1095,1,1
1095,1096,1,0
1096,1097,1,0
1097,1098,1,0
1098,1099,1,0
1099,1100,1,0
1100,1101,1,0
1101,1102,1,1
1102,1103,1,1
1103,1104,1,0
1104,1105,1,1
1105,1106,1,0
1106,1107,1,0
1107,1108,1,0
1108,1109,1,0
1109,1110,1,0
1110,1111,1,0
1111,1112,1,0
1112,1113,1,1
1113,1114,1,0
1114,1115,1,1
1115,1116,1,0
1116,1117,1,0
1117,1118,1,0
1118,1119,1,1
1119,1120,1,0
1120,1121,1,0
1121,1122,1,0
1122,1123,1,0
1123,1124,1,0
1124,1125,1,0
1125,1126,1,0
1126,1127,1,0
1127,1128,1,0
1128,1129,1,0
1129,1130,1,1
1130,1131,1,0
1131,1132,1,0
1132,1133,1,0
1133,1134,1,0
1134,1135,1,0
1135,1136,1,0
1136,1137,1,1
1137,1138,1,0
1138,1139,1,0
1139,1140,1,0
1140,1141,1,1
1141,1142,1,1
1142,1143,1,0
1143,1144,1,0
1144,1145,1,0
1145,1146,1,1
1146,1147,1,0
1147,1148,1,1
1148,1149,1,0
1149,1150,1,0
1150,1151,1,0
1151,1152,1,1
1152,1153,1,0
1153,1154,1,0
1154,1155,1,0
1155,1156,1,1
1156,1157,1,0
1157,1158,1,0
1158,1159,1,0
1159,1160,1,0
1160,1161,1,0
1161,1162,1,0
1162,1163,1,0
1163,1164,1,1
1164,1165,1,0
1165,1166,1,1
1166,1167,1,0
1167,1168,1,0
1168,1169,1,0
1169,1170,1,0
1170,1171,1,0
1171,1172,1,0
1172,1173,1,0
1173,1174,1,1
1174,1175,1,0
1175,1176,1,0
1176,1177,1,0
1177,1178,1,0
1178,1179,1,1
1179,1180,2,1
1180,1181,1,1
1181,1182,1,0
1182,1183,1,0
1183,1184,1,0
1184,1185,1,1
1185,1186,1,0
1186,1187,1,1
1187,1188,1,1
1188,1189,1,0
1189,1190,1,0
1190,1191,1,1
1191,1192,1,0
1192,1193,1,0
1193,1194,1,0
1194,1195,1,1
1195,1196,1,0
1196,1197,1,1
1197,1198,1,0
1198,1199,1,0
1199,1200,1,0
1200,1201,1,0
1201,1202,1,0
1202,1203,1,0
1203,1204,1,0
1204,1205,1,1
1205,1206,1,0
1206,1207,1,0
1207,1208,1,0
1208,1209,1,1
1209,1210,1,1
1210,1211,1,0
1211,1212,1,1
1212,1213,1,1
1213,1214,1,1
1214,1215,1,0
1215,1216,1,0
1216,1217,1,1
1217,1218,1,0
1218,1219,1,1
1219,1220,1,0
1220,1221,1,0
1221,1222,1,0
1222,1223,1,0
1223,1224,1,0
1224,1225,1,0
1225,1226,1,0
1226,1227,1,1
1227,1228,1,0
1228,1229,1,0
1229,1230,1,0
1230,1231,1,0
1231,1232,1,1
1232,1233,1,0
1233,1234,1,0
1234,1235,1,0
1235,1236,1,0
1236,1237,1,0
1237,1238,1,0
1238,1239,1,1
1239,1240,1,1
1240,1241,1,1
1241,1242,1,0
1242,1243,1,1
1243,1244,1,0
1244,1245,1,0
1245,1246,1,1
1246,1247,1,0
1247,1248,1,0
1248,1249,1,0
1249,1250,1,0
1250,1251,1,0
1251,1252,1,1
1252,1253,1,0
1253,1254,1,1
1254,1255,1,0
1255,1256,1,0
1256,1257,1,0
1257,1258,1,0
1258,1259,1,0
1259,1260,1,0
1260,1261,1,0
1261,1262,1,0
1262,1263,1,1
1263,1264,1,0
1264,1265,1,1
1265,1266,1,1
1266,1267,1,0
1267,1268,1,0
1268,1269,1,0
1269,1270,1,0
1270,1271,1,0
1271,1272,1,0
1272,1273,1,0
1273,1274,1,0
1274,1275,1,0
1275,1276,1,1
1276,1277,1,0
1277,1278,1,0
1278,1279,1,0
1279,1280,1,0
1280,1281,1,1
1281,1282,1,1
1282,1283,1,0
1283,1284,1,0
1284,1285,1,0
1285,1286,1,0
1286,1287,1,0
1287,1288,1,0
1288,1289,1,1
1289,1290,1,0
1290,1291,1,0
1291,1292,1,0
1292,1293,1,1
1293,1294,1,0
1294,1295,1,1
1295,1296,1,1
1296,1297,1,0
1297,1298,1,0
1298,1299,1,0
1299,1300,1,1
1300,1301,1,1
1301,1302,1,0
1302,1303,1,0
1303,1304,1,1
1304,1305,1,0
1305,1306,1,0
1306,1307,1,0
1307,1308,1,0
1308,1309,1,0
1309,1310,1,0
1310,1311,1,1
1311,1312,1,0
1312,1313,1,0
1313,1314,1,1
1314,1315,1,0
1315,1316,1,0
1316,1317,1,0
1317,1318,1,0
1318,1319,1,0
1319,1320,1,0
1320,1321,1,1
1321,1322,1,0
1322,1323,1,1
1323,1324,1,0
1324,1325,1,0
1325,1326,1,0
1326,1327,1,1
1327,1328,1,0
1328,1329,1,0
1329,1330,1,0
1330,1331,1,0
1331,1332,1,0
1332,1333,1,0
1333,1334,1,1
1334,1335,1,1
1335,1336,1,1
1336,1337,1,0
1337,1338,1,0
1338,1339,1,0
1339,1340,1,0
1340,1341,1,1
1341,1342,1,1
1342,1343,1,0
1343,1344,1,0
1344,1345,1,0
1345,1346,1,0
1346,1347,1,0
1347,1348,1,0
1348,1349,1,1
1349,1350,1,0
1350,1351,1,0
1351,1352,1,0
1352,1353,1,1
1353,1354,1,0
1354,1355,1,0
1355,1356,1,0
1356,1357,1,1
1357,1358,1,0
1358,1359,1,0
1359,1360,1,1
1360,1361,1,0
1361,1362,1,1
1362,1363,1,0
1363,1364,1,0
1364,1365,1,0
1365,1366,1,0
1366,1367,1,0
1367,1368,1,0
1368,1369,1,0
1369,1370,1,1
1370,1371,1,1
1371,1372,1,0
1372,1373,1,0
1373,1374,1,1
1374,1375,1,1
1375,1376,1,1
1376,1377,1,1
1377,1378,1,1
1378,1379,1,1
1379,1380,1,0
1380,1381,1,1
1381,1382,1,1
1382,1383,1,1
1383,1384,1,0
1384,1385,1,0
1385,1386,1,0
1386,1387,1,0
1387,1388,1,0
1388,1389,1,1
1389,1390,1,1
1390,1391,1,0
1391,1392,1,1
1392,1393,1,1
1393,1394,1,0
1394,1395,1,1
1395,1396,1,1
1396,1397,1,1
1397,1398,1,0
1398,1399,1,0
1399,1400,1,1
1400,1401,1,0
1401,1402,1,1
1402,1403,1,0
1403,1404,1,1
1404,1405,1,0
1405,1406,1,0
1406,1407,1,0
1407,1408,1,0
1408,1409,1,1
1409,1410,1,0
1410,1411,1,0
1411,1412,1,0
1412,1413,1,0
1413,1414,1,0
1414,1415,1,1
1415,1416,1,0
1416,1417,1,1
1417,1418,1,0
1418,1419,1,0
1419,1420,1,1
1420,1421,1,0
1421,1422,1,0
1422,1423,1,0
1423,1424,1,0
1424,1425,1,1
1425,1426,1,1
1426,1427,1,1
1427,1428,1,1
1428,1429,1,0
1429,1430,1,0
1430,1431,1,0
1431,1432,1,1
1432,1433,1,0
1433,1434,1,0
1434,1435,1,0
1435,1436,1,0
1436,1437,1,1
1437,1438,1,0
1438,1439,1,1
1439,1440,1,0
1440,1441,1,0
1441,1442,1,0
1442,1443,1,0
1443,1444,1,0
1444,1445,1,1
1445,1446,1,0
1446,1447,1,0
1447,1448,1,0
1448,1449,1,0
1449,1450,1,0
1450,1451,1,0
1451,1452,1,0
1452,1453,1,0
1453,1454,1,0
1454,1455,1,1
1455,1456,1,0
1456,1457,1,0
1457,1458,1,0
1458,1459,1,0
1459,1460,1,1
1460,1461,1,0
1461,1462,1,0
1462,1463,1,0
1463,1464,1,0
1464,1465,1,1
1465,1466,1,0
1466,1467,1,0
1467,1468,1,0
1468,1469,1,0
1469,1470,1,0
1470,1471,1,0
1471,1472,1,0
1472,1473,1,1
1473,1474,1,1
1474,1475,1,0
1475,1476,1,0
1476,1477,1,1
1477,1478,1,1
1478,1479,1,0
1479,1480,1,0
1480,1481,1,0
1481,1482,1,0
1482,1483,1,1
1483,1484,1,0
1484,1485,1,0
1485,1486,1,0
1486,1487,1,0
1487,1488,1,1
1488,1489,1,0
1489,1490,1,0
1490,1491,1,0
1491,1492,1,0
1492,1493,1,1
1493,1494,1,1
1494,1495,1,1
1495,1496,1,0
1496,1497,1,0
1497,1498,1,1
1498,1499,1,0
1499,1500,1,0
1500,1501,1,0
1501,1502,1,1
1502,1503,1,0
1503,1504,1,0
1504,1505,1,0
1505,1506,1,0
1506,1507,1,1
1507,1508,1,0
1508,1509,1,1
1509,1510,1,1
1510,1511,1,0
1511,1512,1,0
1512,1513,1,0
1513,1514,1,0
1514,1515,1,0
1515,1516,1,0
1516,1517,1,0
1517,1518,1,1
1518,1519,1,0
1519,1520,1,1
1520,1521,1,1
1521,1522,1,0
1522,1523,1,1
1523,1524,1,0
1524,1525,1,1
1525,1526,1,0
1526,1527,1,0
1527,1528,1,1
1528,1529,1,0
1529,1530,1,0
1530,1531,1,1
1531,1532,1,0
1532,1533,1,0
1533,1534,1,0
1534,1535,1,1
1535,1536,1,1
1536,1537,1,0
1537,1538,1,0
1538,1539,1,1
1539,1540,1,0
1540,1541,1,0
1541,1542,1,1
1542,1543,1,0
1543,1544,1,0
1544,1545,1,1
1545,1546,1,0
1546,1547,1,0
1547,1548,1,0
1548,1549,1,0
1549,1550,1,0
1550,1551,1,0
1551,1552,1,0
1552,1553,1,0
1553,1554,1,0
1554,1555,1,0
1555,1556,1,1
1556,1557,1,0
1557,1558,1,1
1558,1559,1,0
1559,1560,1,0
1560,1561,1,0
1561,1562,1,0
1562,1563,1,1
1563,1564,1,1
1564,1565,1,0
1565,1566,1,0
1566,1567,1,0
1567,1568,1,0
1568,1569,1,0
1569,1570,1,0
1570,1571,1,0
1571,1572,1,0
1572,1573,1,0
1573,1574,1,1
1574,1575,1,0
1575,1576,1,0
1576,1577,1,0
1577,1578,1,0
1578,1579,1,0
1579,1580,1,0
1580,1581,1,0
1581,1582,1,0
1582,1583,1,0
1583,1584,1,1
1584,1585,1,0
1585,1586,1,0
1586,1587,1,1
1587,1588,1,0
1588,1589,1,1
1589,1590,1,0
1590,1591,1,0
1591,1592,1,1
1592,1593,1,1
1593,1594,1,0
1594,1595,1,1
1595,1596,1,0
1596,1597,1,1
1597,1598,1,0
1598,1599,1,0
1599,1600,1,0
1600,1601,1,1
1601,1602,1,0
1602,1603,1,0
1603,1604,1,0
1604,1605,1,1
1605,1606,1,1
1606,1607,1,0
1607,1608,1,0
1608,1609,1,0
1609,1610,1,1
1610,1611,1,0
1611,1612,1,1
1612,1613,1,0
1613,1614,1,0
1614,1615,1,0
1615,1616,1,1
1616,1617,1,0
1617,1618,1,1
1618,1619,1,1
1619,1620,1,0
1620,1621,1,0
1621,1622,1,0
1622,1623,1,0
1623,1624,1,0
1624,1625,1,0
1625,1626,1,0
1626,1627,1,0
1627,1628,1,1
1628,1629,1,0
1629,1630,1,0
1630,1631,1,0
1631,1632,1,0
1632,1633,1,0
1633,1634,1,0
1634,1635,1,1
1635,1636,1,0
1636,1637,1,0
1637,1638,1,0
1638,1639,1,0
1639,1640,1,0
1640,1641,1,0
1641,1642,1,0
1642,1643,1,0
1643,1644,1,0
1644,1645,1,0
1645,1646,1,1
1646,1647,1,0
1647,1648,1,0
1648,1649,1,1
1649,1650,1,0
1650,1651,1,0
1651,1652,1,0
1652,1653,1,1
1653,1654,1,0
1654,1655,1,0
1655,1656,1,0
1656,1657,1,0
1657,1658,1,0
1658,1659,1,0
1659,1660,1,0
1660,1661,1,0
1661,1662,1,0
1662,1663,1,1
1663,1664,1,1
1664,1665,1,0
1665,1666,1,0
1666,1667,1,0
1667,1668,1,0
1668,1669,1,0
1669,1670,1,0
1670,1671,1,0
1671,1672,1,0
1672,1673,1,0
1673,1674,1,1
1674,1675,1,0
1675,1676,1,0
1676,1677,1,0
1677,1678,1,1
1678,1679,1,0
1679,1680,1,1
1680,1681,1,0
1681,1682,1,0
1682,1683,1,0
1683,1684,1,0
1684,1685,1,0
1685,1686,1,0
1686,1687,1,0
1687,1688,1,0
1688,1689,1,1
1689,1690,1,0
1690,1691,1,0
1691,1692,1,1
1692,1693,1,1
1693,1694,1,0
1694,1695,1,1
1695,1696,1,0
1696,1697,1,1
1697,1698,1,0
1698,1699,1,0
1699,1700,1,0
1700,1701,1,0
1701,1702,1,0
1702,1703,1,1
1703,1704,1,0
1704,1705,1,0
1705,1706,1,0
1706,1707,1,0
1707,1708,1,1
1708,1709,1,0
1709,1710,1,0
1710,1711,1,0
1711,1712,1,0
1712,1713,1,1
1713,1714,1,0
1714,1715,1,0
1715,1716,1,0
1716,1717,1,0
1717,1718,1,1
1718,1719,1,0
1719,1720,1,0
1720,1721,1,1
1721,1722,1,0
1722,1723,1,1
1723,1724,1,0
1724,1725,1,0
1725,1726,1,0
1726,1727,1,0
1727,1728,1,0
1728,1729,1,0
1729,1730,1,0
1730,1731,1,0
1731,1732,1,1
1732,1733,1,0
1733,1734,1,0
1734,1735,1,0
1735,1736,1,1
1736,1737,1,0
1737,1738,1,0
1738,1739,1,0
1739,1740,1,1
1740,1741,1,1
1741,1742,1,0
1742,1743,1,0
1743,1744,1,0
1744,1745,1,1
1745,1746,1,1
1746,1747,1,0
1747,1748,1,1
1748,1749,1,0
1749,1750,1,1
1750,1751,1,0
1751,1752,1,1
1752,1753,1,0
1753,1754,1,0
1754,1755,1,0
1755,1756,1,1
1756,1757,1,0
1757,1758,1,1
1758,1759,1,0
1759,1760,1,0
1760,1761,1,0
1761,1763,1,0
1762,1764,1,0
1763,1765,1,0
1764,1766,1,0
1765,1767,1,0
1766,1768,1,1
1767,1769,1,0
1768,1770,1,0
1769,1771,1,1
1770,1772,1,1
1771,1773,1,0
1772,1774,1,1
1773,1775,1,0
1774,1776,1,0
1775,1777,1,0
1776,1778,1,1
1777,1779,1,0
1778,1780,1,0
1779,1781,1,0
1780,1782,1,0
1781,1783,1,0
1782,1784,1,1
1783,1785,1,0
1784,1786,1,0
1785,1787,1,1
1786,1788,1,0
1787,1789,1,0
1788,1790,1,1
1789,1791,1,1
1790,1792,1,0
1791,1793,1,0
1792,1794,1,0
1793,1795,1,1
1794,1796,1,0
1795,1797,1,1
1796,1798,1,0
1797,1799,1,0
1798,1800,1,0
1799,1801,1,0
1800,1802,1,0
1801,1803,1,0
1802,1804,1,1
1803,1805,1,1
1804,1806,1,0
1805,1807,1,0
1806,1808,1,0
1807,1809,1,1
1808,1810,1,0
1809,1811,1,1
1810,1812,1,1
1811,1813,1,0
1812,1814,1,0
1813,1815,1,0
1814,1816,1,1
1815,1817,1,0
1816,1818,1,1
1817,1819,1,0
1818,1820,1,0
1819,1821,1,0
1820,1822,1,0
1821,1823,1,0
1822,1824,1,0
1823,1825,1,0
1824,1826,1,0
1825,1827,1,0
1826,1828,2,1
1827,1829,1,0
1828,1830,1,1
1829,1831,1,1
1830,1832,1,0
1831,1833,1,0
1832,1834,1,1
1833,1835,1,0
1834,1836,1,1
1835,1837,1,1
1836,1838,1,0
1837,1839,1,0
1838,1840,1,0
1839,1841,1,1
1840,1842,1,0
1841,1843,1,1
1842,1844,1,1
1843,1845,1,0
1844,1846,1,1
1845,1847,1,0
1846,1848,1,0
1847,1849,1,1
1848,1850,1,0
1849,1851,1,0
1850,1852,1,0
1851,1853,1,0
1852,1854,1,0
1853,1855,1,0
1854,1856,1,0
1855,1857,1,0
1856,1858,1,0
1857,1859,1,0
1858,1860,1,0
1859,1861,1,0
1860,1862,1,0
1861,1863,1,0
1862,1864,1,0
1863,1865,1,0
1864,1866,1,0
1865,1867,1,0
1866,1868,1,0
1867,1869,1,1
1868,1870,1,0
1869,1871,1,0
1870,1872,1,0
1871,1873,1,0
1872,1874,1,0
1873,1875,1,0
1874,1876,1,0
1875,1877,1,0
1876,1878,1,1
1877,1879,1,0
1878,1880,1,0
1879,1881,1,1
1880,1882,1,0
1881,1883,1,0
1882,1884,1,0
1883,1885,1,0
1884,1886,1,1
1885,1887,1,0
1886,1888,1,0
1887,1889,1,0
1888,1890,1,1
1889,1891,1,0
1890,1892,1,0
1891,1893,1,0
1892,1894,1,1
1893,1895,1,0
1894,1896,1,1
1895,1897,1,1
1896,1898,1,0
1897,1899,1,0
1898,1900,1,0
1899,1901,1,0
1900,1902,1,0
1901,1903,1,1
1902,1904,1,1
1903,1905,1,0
1904,1906,1,1
1905,1907,1,1
1906,1908,1,0
1907,1909,1,1
1908,1910,1,0
1909,1911,1,0
1910,1912,1,0
1911,1913,1,0
1912,1914,1,0
1913,1915,1,1
1914,1916,1,0
1915,1917,1,0
1916,1918,1,0
1917,1919,1,0
1918,1920,1,0
1919,1921,1,1
1920,1922,1,1
1921,1923,1,0
1922,1924,1,0
1923,1925,1,1
1924,1926,1,0
1925,1927,1,0
1926,1928,1,0
1927,1929,1,0
1928,1930,1,0
1929,1931,1,1
1930,1932,1,0
1931,1933,1,0
1932,1934,1,1
1933,1935,1,0
1934,1936,1,1
1935,1937,1,1
1936,1938,1,0
1937,1939,1,0
1938,1940,1,0
1939,1941,1,0
1940,1942,1,0
1941,1943,1,0
1942,1944,1,0
1943,1945,1,0
1944,1946,1,0
1945,1947,1,1
1946,1948,1,0
1947,1949,1,0
1948,1950,1,0
1949,1951,1,1
1950,1952,1,0
1951,1953,1,0
1952,1954,1,1
1953,1955,1,1
1954,1956,1,1
1955,1957,1,0
1956,1958,1,0
1957,1959,1,1
1958,1960,1,0
1959,1961,1,1
1960,1962,1,1
1961,1963,1,0
1962,1964,1,0
1963,1965,1,0
1964,1966,1,0
1965,1967,1,1
1966,1968,1,0
1967,1969,1,0
1968,1970,1,1
1969,1971,1,0
1970,1972,1,1
1971,1973,1,0
1972,1974,1,0
1973,1975,1,0
1974,1976,1,0
1975,1977,1,0
1976,1978,1,0
1977,1979,1,0
1978,1980,1,0
1979,1981,1,0
1980,1982,1,1
1981,1983,1,0
1982,1984,1,0
1983,1985,1,0
1984,1986,1,1
1985,1987,1,1
1986,1988,1,0
1987,1989,1,1
1988,1990,1,0
1989,1991,1,1
1990,1992,1,0
1991,1993,1,0
1992,1994,1,0
1993,1995,1,0
1994,1996,1,0
1995,1997,1,0
1996,1998,1,0
1997,1999,1,0
1998,2000,1,1
1999,2001,1,1
2000,2002,1,1
2001,2003,1,0
2002,2004,1,1
2003,2005,1,0
2004,2006,1,1
2005,2007,1,1
2006,2008,1,0
2007,2009,1,0
2008,2010,1,0
2009,2011,1,0
2010,2012,1,0
2011,2013,1,0
2012,2014,1,1
2013,2015,1,1
2014,2016,1,0
2015,2017,1,1
2016,2018,1,1
2017,2019,1,0
2018,2020,1,0
2019,2021,1,1
2020,2022,1,0
2021,2023,1,0
2022,2024,1,1
2023,2025,1,1
2024,2026,1,0
2025,2027,1,0
2026,2028,1,0
2027,2029,1,0
2028,2030,1,0
2029,2031,1,0
2030,2032,1,0
2031,2033,1,0
2032,2034,1,0
2033,2035,1,0
2034,2036,1,1
2035,2037,1,1
2036,2038,1,1
2037,2039,1,0
2038,2040,1,1
2039,2041,1,0
2040,2042,1,1
2041,2043,1,0
2042,2044,1,1
2043,2045,1,1
2044,2046,1,1
2045,2047,1,1
2046,2048,1,0
2047,2049,1,0
2048,2050,1,1
2049,2051,1,0
2050,2052,1,0
2051,2053,1,0
2052,2054,1,0
2053,2055,1,0
2054,2056,1,0
2055,2057,1,1
2056,2058,1,0
2057,2059,1,0
2058,2060,1,0
2059,2061,1,0
2060,2062,1,0
2061,2063,1,0
2062,2064,1,0
2063,2065,1,0
2064,2066,1,1
2065,2067,1,0
2066,2068,1,1
2067,2069,1,0
2068,2070,1,0
2069,2071,1,1
2070,2072,1,0
2071,2073,1,0
2072,2074,1,0
2073,2075,1,0
2074,2076,1,1
2075,2077,1,0
2076,2078,1,1
2077,2079,1,0
2078,2080,1,0
2079,2081,1,0
2080,2082,1,1
2081,2083,1,0
2082,2084,1,0
2083,2085,1,0
2084,2086,1,0
2085,2087,1,0
2086,2088,1,0
2087,2089,1,0
2088,2090,1,0
2089,2091,1,0
2090,2092,1,0
2091,2093,1,1
2092,2094,1,0
2093,2095,1,1
2094,2096,1,0
2095,2097,1,1
2096,2098,1,0
2097,2099,1,0
2098,2100,1,0
2099,2101,1,1
2100,2102,1,0
2101,2103,1,1
2102,2104,1,1
2103,2105,1,1
2104,2106,1,1
2105,2107,1,0
2106,2108,1,0
2107,2109,1,1
2108,2110,1,0
2109,2111,1,0
2110,2112,1,1
2111,2113,1,1
2112,2114,1,0
2113,2115,1,0
2114,2116,1,0
2115,2117,1,1
2116,2118,1,0
2117,2119,1,0
2118,2120,1,0
2119,2121,1,0
2120,2122,1,0
2121,2123,1,1
2122,2124,1,1
2123,2125,1,0
2124,2126,1,0
2125,2127,1,0
2126,2129,1,0
2127,2130,1,1
2128,2131,1,0
2129,2132,1,0
2130,2133,1,1
2131,2134,1,0
2132,2135,1,0
2133,2136,1,0
2134,2137,1,0
2135,2138,1,1
2136,2139,1,1
2137,2140,1,1
2138,2141,1,0
2139,2142,1,1
2140,2143,1,0
2141,2144,1,1
2142,2145,1,0
2143,2146,1,0
2144,2147,1,0
2145,2148,1,0
2146,2149,1,1
2147,2150,1,0
2148,2151,1,0
2149,2152,1,1
2150,2153,1,0
2151,2154,1,0
2152,2155,1,0
2153,2156,1,1
2154,2157,1,0
2155,2158,1,0
2156,2159,1,1
2157,2160,1,0
2158,2161,1,1
2159,2162,1,0
2160,2163,1,0
2161,2164,1,1
2162,2165,1,0
2163,2166,1,0
2164,2167,1,0
2165,2168,1,1
2166,2169,1,1
2167,2170,1,0
2168,2171,1,0
2169,2172,1,0
2170,2173,1,1
2171,2174,1,0
2172,2175,1,0
2173,2176,1,1
2174,2177,1,0
2175,2178,1,1
2176,2179,1,1
2177,2180,1,0
2178,2181,1,0
2179,2182,1,1
2180,2183,1,0
2181,2184,1,0
2182,2185,1,0
2183,2186,1,0
2184,2187,1,0
2185,2188,1,0
2186,2189,1,0
2187,2190,1,0
2188,2191,1,0
2189,2192,1,0
2190,2193,1,1
2191,2194,1,0
2192,2195,1,0
2193,2196,1,0
2194,2197,1,0
2195,2198,1,1
2196,2199,1,0
2197,2200,1,0
2198,2201,1,0
2199,2202,1,0
2200,2203,1,0
2201,2204,1,0
2202,2205,1,0
2203,2206,1,0
2204,2207,1,0
2205,2208,1,0
2206,2209,1,1
2207,2210,1,0
2208,2211,1,0
2209,2212,1,1
2210,2213,1,1
2211,2214,1,1
2212,2215,1,0
2213,2216,2,1
2214,2217,1,1
2215,2218,1,0
2216,2219,1,0
2217,2220,1,0
2218,2221,1,0
2219,2222,1,1
2220,2223,1,1
2221,2224,1,1
2222,2225,1,0
2223,2226,1,0
2224,2227,1,1
2225,2228,1,0
2226,2229,1,1
2227,2230,1,0
2228,2231,1,1
2229,2232,1,0
2230,2233,1,1
2231,2234,1,0
2232,2235,1,0
2233,2236,1,0
2234,2237,1,0
2235,2238,1,0
2236,2239,1,0
2237,2240,1,0
2238,2241,1,0
2239,2242,1,0
2240,2243,1,1
2241,2244,1,0
2242,2245,1,0
2243,2246,1,0
2244,2247,1,0
2245,2248,1,0
2246,2249,1,0
2247,2250,1,1
2248,2251,1,1
2249,2252,1,1
2250,2253,1,0
2251,2254,1,0
2252,2255,1,0
2253,2256,1,1
2254,2257,1,1
2255,2258,1,1
2256,2259,1,0
2257,2260,1,1
2258,2261,1,0
2259,2262,1,1
2260,2263,1,1
2261,2264,1,0
2262,2265,1,0
2263,2266,1,1
2264,2267,1,0
2265,2268,1,0
2266,2269,1,1
2267,2270,1,1
2268,2271,1,1
2269,2272,1,1
2270,2273,1,0
2271,2274,1,0
2272,2275,1,1
2273,2276,1,1
2274,2277,1,0
2275,2278,1,0
2276,2279,1,1
2277,2280,1,1
2278,2281,1,0
2279,2282,1,1
2280,2283,1,0
2281,2284,1,0
2282,2285,1,0
2283,2286,1,1
2284,2287,1,0
2285,2288,1,0
2286,2289,1,0
2287,2290,1,0
2288,2291,1,0
2289,2292,1,0
2290,2293,1,0
2291,2294,1,0
2292,2295,1,0
2293,2296,1,0
2294,2297,1,0
2295,2298,1,0
2296,2299,1,1
2297,2300,1,0
2298,2301,1,0
2299,2302,1,0
2300,2303,1,1
2301,2304,1,0
2302,2305,1,1
2303,2306,1,0
2304,2307,1,0
2305,2308,1,1
2306,2309,1,0
2307,2310,1,1
2308,2311,1,0
2309,2312,1,1
2310,2313,1,0
2311,2314,1,0
2312,2315,1,1
2313,2316,1,0
2314,2317,1,0
2315,2318,1,1
2316,2319,1,0
2317,2320,1,0
2318,2321,1,1
2319,2322,1,1
2320,2323,1,1
2321,2324,1,0
2322,2325,1,0
2323,2326,1,0
2324,2327,1,1
2325,2328,1,0
2326,2329,1,0
2327,2330,1,1
2328,2331,1,0
2329,2332,1,0
2330,2333,1,0
2331,2334,1,0
2332,2335,1,1
2333,2336,1,0
2334,2337,1,0
2335,2338,2,1
2336,2339,1,0
2337,2340,1,0
2338,2341,1,0
2339,2342,1,1
2340,2343,1,0
2341,2344,1,1
2342,2345,1,0
2343,2346,1,0
2344,2347,1,1
2345,2348,1,1
2346,2349,1,0
2347,2350,1,0
2348,2351,1,1
2349,2352,1,1
2350,2353,1,1
2351,2354,1,0
2352,2355,1,1
2353,2356,1,0
2354,2357,1,0
2355,2358,1,0
2356,2359,1,1
2357,2360,1,1
2358,2361,1,0
2359,2362,1,0
2360,2363,1,0
2361,2364,1,1
2362,2365,1,0
2363,2366,1,1
2364,2367,1,0
2365,2368,1,0
2366,2369,1,1
2367,2370,1,1
2368,2371,1,0
2369,2372,1,1
2370,2373,1,1
2371,2374,1,0
2372,2375,1,0
2373,2376,1,1
2374,2377,1,0
2375,2378,1,0
2376,2379,1,0
2377,2380,1,1
2378,2381,1,0
2379,2382,1,0
2380,2383,1,0
2381,2384,1,0
2382,2385,1,0
2383,2386,1,0
2384,2387,1,1
2385,2388,1,0
2386,2389,1,0
2387,2390,1,0
2388,2391,1,0
2389,2392,1,0
2390,2393,1,0
2391,2394,1,0
2392,2395,1,1
2393,2396,1,0
2394,2397,1,1
2395,2398,1,0
2396,2399,1,0
2397,2400,1,0
2398,2401,1,0
2399,2402,1,0
2400,2403,1,0
2401,2404,1,0
2402,2405,1,1
2403,2406,1,0
2404,2407,1,0
2405,2408,1,0
2406,2409,1,0
2407,2410,1,1
2408,2411,1,0
2409,2412,1,1
2410,2413,1,0
2411,2414,1,0
2412,2415,1,0
2413,2416,1,1
2414,2417,1,0
2415,2418,1,1
2416,2419,1,0
2417,2420,1,1
2418,2421,1,0
2419,2422,1,0
2420,2423,1,1
2421,2424,1,0
2422,2425,1,1
2423,2426,1,0
2424,2427,1,0
2425,2428,1,0
2426,2429,1,0
2427,2430,1,0
2428,2431,1,0
2429,2432,1,0
2430,2433,1,0
2431,2434,1,1
2432,2435,1,0
2433,2436,1,1
2434,2437,1,0
2435,2438,1,0
2436,2439,1,1
2437,2440,1,1
2438,2441,1,1
2439,2442,1,0
2440,2443,1,0
2441,2444,1,0
2442,2445,1,0
2443,2446,1,0
2444,2447,1,0
2445,2448,2,1
2446,2449,1,0
2447,2450,1,1
2448,2451,1,1
2449,2452,1,0
2450,2453,1,0
2451,2454,1,1
2452,2455,1,1
2453,2456,1,0
2454,2457,1,0
2455,2458,1,0
2456,2459,1,0
2457,2460,1,1
2458,2461,1,0
2459,2462,1,0
2460,2463,1,1
2461,2464,1,0
2462,2465,1,0
2463,2466,1,0
2464,2467,1,0
2465,2468,1,0
2466,2469,1,1
2467,2470,1,0
2468,2471,1,0
2469,2472,1,0
2470,2473,1,0
2471,2474,1,1
2472,2475,1,1
2473,2476,1,1
2474,2477,1,0
2475,2478,1,0
2476,2479,1,0
2477,2480,1,0
2478,2481,1,1
2479,2482,1,0
2480,2483,1,1
2481,2484,1,0
2482,2485,1,0
2483,2486,1,1
2484,2487,1,0
2485,2488,1,0
2486,2489,1,0
2487,2490,1,1
2488,2491,1,0
2489,2492,1,1
2490,2493,1,0
2491,2494,1,0
2492,2495,1,0
2493,2496,1,0
2494,2497,1,0
2495,2498,1,0
2496,2499,1,0
2497,2500,1,0
2498,2501,1,0
2499,2502,1,1
2500,2503,1,0
2501,2504,1,0
2502,2505,1,0
2503,2506,1,0
2504,2507,1,0
2505,2508,1,0
2506,2509,1,0
2507,2510,1,1
2508,2511,1,0
2509,2512,1,0
2510,2513,1,1
2511,2514,1,1
2512,2515,1,0
2513,2516,1,1
2514,2517,1,0
2515,2518,1,0
2516,2519,1,1
2517,2520,1,1
2518,2521,1,0
2519,2522,1,1
2520,2523,1,0
2521,2524,1,1
2522,2525,1,0
2523,2526,1,0
2524,2527,1,1
2525,2528,1,0
2526,2529,1,0
2527,2530,1,0
2528,2531,1,0
2529,2532,1,0
2530,2533,1,0
2531,2534,1,1
2532,2535,1,0
2533,2536,1,0
2534,2537,1,1
2535,2538,1,0
2536,2539,1,1
2537,2540,1,0
2538,2541,1,1
2539,2542,1,1
2540,2543,1,1
2541,2544,1,0
2542,2545,1,1
2543,2546,1,0
2544,2547,1,0
2545,2548,1,0
2546,2549,1,0
2547,2550,1,1
2548,2551,1,1
2549,2552,1,0
2550,2553,1,0
2551,2554,1,0
2552,2555,1,0
2553,2556,1,0
2554,2557,1,0
2555,2558,1,0
2556,2559,1,1
2557,2560,1,1
2558,2561,1,1
2559,2562,1,0
2560,2563,1,0
2561,2564,1,1
2562,2565,1,0
2563,2566,1,0
2564,2567,1,0
2565,2568,1,1
2566,2569,1,0
2567,2570,1,0
2568,2571,1,0
2569,2572,1,0
2570,2573,1,1
2571,2574,1,1
2572,2575,1,0
2573,2576,1,0
2574,2577,1,1
2575,2578,1,1
2576,2579,1,1
2577,2580,1,0
2578,2581,1,0
2579,2582,1,1
2580,2583,1,1
2581,2584,1,1
2582,2585,1,1
2583,2586,1,0
2584,2587,1,0
2585,2588,1,0
2586,2589,1,0
2587,2590,1,0
2588,2591,1,0
2589,2592,1,0
2590,2593,1,0
2591,2594,1,0
2592,2595,1,1
2593,2596,1,0
2594,2597,1,0
2595,2598,1,1
2596,2599,1,0
2597,2600,1,0
2598,2601,1,1
2599,2602,1,0
2600,2603,1,0
2601,2604,1,0
2602,2605,1,1
2603,2606,1,0
2604,2607,1,1
2605,2608,1,1
2606,2609,1,0
2607,2610,1,0
2608,2611,1,1
2609,2612,1,0
2610,2613,1,0
2611,2614,1,0
2612,2615,1,0
2613,2616,1,0
2614,2617,1,1
2615,2618,1,0
2616,2619,1,0
2617,2620,1,1
2618,2621,1,0
2619,2622,1,1
2620,2623,1,1
2621,2624,1,1
2622,2625,1,0
2623,2626,1,0
2624,2627,1,0
2625,2628,1,1
2626,2629,1,1
2627,2630,1,0
2628,2631,1,0
2629,2632,1,0
2630,2633,1,0
2631,2634,1,0
2632,2635,1,0
2633,2636,1,0
2634,2637,1,0
2635,2638,1,0
2636,2639,1,0
2637,2640,1,0
2638,2641,1,0
2639,2643,1,0
2640,2644,1,0
2641,2645,1,0
2642,2646,1,0
2643,2647,1,1
2644,2648,1,1
2645,2649,1,0
2646,2650,1,1
2647,2651,1,1
2648,2652,1,1
2649,2653,1,0
2650,2654,1,0
2651,2655,1,0
2652,2656,1,0
2653,2657,1,1
2654,2658,1,0
2655,2659,1,0
2656,2660,1,0
2657,2661,1,0
2658,2662,1,0
2659,2663,1,1
2660,2664,1,1
2661,2665,1,0
2662,2666,1,1
2663,2667,1,0
2664,2668,1,1
2665,2669,1,1
2666,2670,1,1
2667,2671,1,1
2668,2672,1,1
2669,2673,1,1
2670,2674,1,0
2671,2675,1,1
2672,2676,1,0
2673,2677,1,0
2674,2678,1,1
2675,2679,1,0
2676,2680,1,0
2677,2681,1,1
2678,2682,1,0
2679,2683,1,1
2680,2684,1,1
2681,2685,1,0
2682,2686,1,0
2683,2687,1,1
2684,2688,1,0
2685,2689,1,0
2686,2690,1,0
2687,2691,1,1
2688,2692,1,0
2689,2693,1,1
2690,2694,1,1
2691,2695,1,0
2692,2696,1,0
2693,2697,1,0
2694,2698,1,1
2695,2699,1,1
2696,2700,1,0
2697,2701,1,0
2698,2702,1,0
2699,2703,1,1
2700,2704,1,0
2701,2705,1,0
2702,2706,1,0
2703,2707,1,0
2704,2708,1,0
2705,2709,1,1
2706,2710,1,0
2707,2711,1,0
2708,2712,1,0
2709,2713,1,0
2710,2714,1,0
2711,2715,1,1
2712,2716,1,1
2713,2717,1,0
2714,2718,1,0
2715,2719,1,0
2716,2720,1,0
2717,2721,1,1
2718,2722,1,0
2719,2723,1,0
2720,2724,1,0
2721,2725,1,1
2722,2726,1,0
2723,2727,1,0
2724,2728,1,0
2725,2729,1,1
2726,2730,1,0
2727,2731,1,1
2728,2732,1,1
2729,2733,1,1
2730,2734,1,0
2731,2735,1,0
2732,2736,1,0
2733,2737,1,0
2734,2738,1,0
2735,2739,1,0
2736,2740,1,0
2737,2741,1,1
2738,2742,1,0
2739,2743,1,0
2740,2744,1,0
2741,2745,1,1
2742,2746,1,0
2743,2747,1,1
2744,2748,1,0
2745,2749,1,1
2746,2750,1,1
2747,2751,1,0
2748,2752,1,0
2749,2753,1,0
2750,2754,1,0
2751,2755,1,0
2752,2756,1,0
2753,2757,1,0
2754,2758,1,0
2755,2759,1,1
2756,2760,1,0
2757,2761,1,0
2758,2762,1,1
2759,2763,1,0
2760,2764,1,0
2761,2765,1,1
2762,2766,1,0
2763,2767,1,0
2764,2768,1,0
2765,2769,1,1
2766,2770,1,0
2767,2771,1,0
2768,2772,1,0
2769,2773,1,0
2770,2774,1,1
2771,2775,1,0
2772,2776,1,0
2773,2777,1,1
2774,2778,1,0
2775,2779,1,0
2776,2780,1,1
2777,2781,1,0
2778,2782,1,1
2779,2783,1,0
2780,2784,1,1
2781,2785,1,0
2782,2786,1,1
2783,2787,1,1
2784,2788,1,0
2785,2789,1,1
2786,2790,1,0
2787,2791,1,0
2788,2792,1,0
2789,2793,1,1
2790,2794,1,0
2791,2795,1,1
2792,2796,1,1
2793,2797,1,1
2794,2798,1,0
2795,2799,1,0
2796,2800,1,1
2797,2801,1,1
2798,2802,1,1
2799,2803,1,1
2800,2804,1,0
2801,2805,1,1
2802,2806,1,0
2803,2807,1,0
2804,2808,1,1
2805,2809,1,1
2806,2810,1,1
2807,2811,1,0
2808,2812,1,0
2809,2813,1,0
2810,2814,1,1
2811,2815,1,0
2812,2816,1,1
2813,2817,1,0
2814,2818,1,0
2815,2819,1,0
2816,2820,1,0
2817,2821,1,0
2818,2822,1,0
2819,2823,1,0
2820,2824,1,1
2821,2825,1,1
2822,2826,1,0
2823,2827,1,1
2824,2828,1,0
2825,2829,1,0
2826,2830,1,0
2827,2831,1,0
2828,2832,1,1
2829,2833,1,1
2830,2834,1,0
2831,2835,1,0
2832,2836,1,0
2833,2837,1,0
2834,2838,1,0
2835,2839,1,1
2836,2840,1,0
2837,2841,1,1
2838,2842,1,0
2839,2843,1,0
2840,2844,1,1
2841,2845,1,0
2842,2846,1,0
2843,2847,1,0
2844,2848,1,0
2845,2849,1,0
2846,2850,1,0
2847,2851,1,0
2848,2852,1,0
2849,2853,1,1
2850,2854,1,0
2851,2855,1,1
2852,2856,1,1
2853,2857,1,0
2854,2858,1,0
2855,2859,1,0
2856,2860,1,0
2857,2861,1,0
2858,2862,1,0
2859,2863,1,0
2860,2864,1,0
2861,2865,1,0
2862,2866,1,0
2863,2867,1,1
2864,2868,1,0
2865,2869,1,0
2866,2870,1,1
2867,2871,1,1
2868,2872,1,0
2869,2873,1,0
2870,2874,1,1
2871,2875,1,0
2872,2876,1,1
2873,2877,1,0
2874,2878,1,0
2875,2879,1,0
2876,2880,1,0
2877,2881,1,0
2878,2882,1,0
2879,2883,1,0
2880,2884,1,0
2881,2885,1,0
2882,2886,1,0
2883,2887,1,1
2884,2888,1,0
2885,2889,1,0
2886,2890,1,0
2887,2891,1,1
2888,2892,1,0
2889,2893,1,1
2890,2894,1,0
2891,2895,1,1
2892,2896,1,1
2893,2897,1,1
2894,2898,1,0
2895,2899,1,0
2896,2900,1,0
2897,2901,1,0
2898,2902,1,0
2899,2903,1,0
2900,2904,1,0
2901,2905,1,1
2902,2906,1,1
2903,2907,1,1
2904,2908,1,0
2905,2909,1,0
2906,2910,1,0
2907,2911,1,0
2908,2912,1,0
2909,2913,1,0
2910,2914,1,1
2911,2915,1,0
2912,2916,1,1
2913,2917,1,0
2914,2918,1,0
2915,2919,1,0
2916,2920,1,0
2917,2921,1,0
2918,2922,1,0
2919,2923,1,0
2920,2924,1,0
2921,2925,1,0
2922,2926,1,0
2923,2927,1,1
2924,2928,1,1
2925,2929,1,1
2926,2930,1,1
2927,2931,1,0
2928,2932,1,0
2929,2933,1,0
2930,2934,1,0
2931,2935,1,0
2932,2936,1,1
2933,2937,1,0
2934,2938,1,0
2935,2939,1,0
2936,2940,1,0
2937,2941,1,0
2938,2942,1,0
2939,2943,1,0
2940,2944,1,0
2941,2945,1,1
2942,2946,1,0
2943,2947,1,0
2944,2948,1,1
2945,2949,1,1
2946,2950,1,1
2947,2951,1,1
2948,2952,1,1
2949,2953,1,1
2950,2954,1,0
2951,2955,1,0
2952,2956,1,0
2953,2957,1,0
2954,2958,1,1
2955,2959,1,1
2956,2960,1,0
2957,2961,1,0
2958,2962,1,0
2959,2963,1,0
2960,2964,1,0
2961,2965,1,0
2962,2966,1,1
2963,2967,1,0
2964,2968,1,0
2965,2969,1,1
2966,2970,1,1
2967,2971,1,0
2968,2972,1,1
2969,2973,1,0
2970,2974,1,0
2971,2975,1,1
2972,2976,1,0
2973,2977,1,0
2974,2978,1,1
2975,2979,1,1
2976,2980,1,0
2977,2981,1,0
2978,2982,1,1
2979,2983,1,0
2980,2984,1,0
2981,2985,1,1
2982,2986,1,0
2983,2987,1,0
2984,2988,1,0
2985,2989,1,0
2986,2990,1,1
2987,2991,1,1
2988,2992,1,0
2989,2993,1,0
2990,2994,1,0
2991,2995,1,1
2992,2996,1,1
2993,2997,1,0
2994,2998,1,1
2995,2999,1,1
2996,3000,1,0
2997,3001,1,0
2998,3002,1,0
2999,3003,1,0
3000,3004,1,0
3001,3005,1,1
3002,3006,1,0
3003,3007,1,0
3004,3008,1,0
3005,3009,1,0
3006,3010,1,1
3007,3011,1,0
3008,3012,1,0
3009,3013,1,0
3010,3014,1,0
3011,3015,1,1
3012,3016,1,0
3013,3017,1,0
3014,3018,1,0
3015,3019,1,0
3016,3020,1,1
3017,3021,1,0
3018,3022,1,1
3019,3023,1,1
3020,3024,1,0
3021,3025,1,0
3022,3026,1,1
3023,3027,1,1
3024,3028,1,1
3025,3029,1,1
3026,3030,1,0
3027,3031,1,1
3028,3032,1,0
3029,3033,1,1
3030,3034,1,0
3031,3035,1,0
3032,3036,1,0
3033,3037,1,0
3034,3038,1,0
3035,3039,1,0
3036,3040,1,0
3037,3041,1,0
3038,3042,1,0
3039,3043,1,1
3040,3044,1,1
3041,3045,1,0
3042,3046,1,0
3043,3047,1,0
3044,3048,1,0
3045,3049,1,0
3046,3050,1,0
3047,3051,1,0
3048,3052,1,1
3049,3053,1,0
3050,3054,1,0
3051,3055,1,1
3052,3056,1,1
3053,3057,1,0
3054,3058,1,0
3055,3059,1,1
3056,3060,1,0
3057,3061,1,0
3058,3062,1,0
3059,3063,1,1
3060,3064,1,0
3061,3065,1,0
3062,3066,1,0
3063,3067,1,1
3064,3068,1,0
3065,3069,1,0
3066,3070,1,1
3067,3071,1,0
3068,3072,1,0
3069,3073,1,1
3070,3074,1,1
3071,3075,1,0
3072,3076,1,0
3073,3077,1,0
3074,3078,1,0
3075,3079,1,1
3076,3080,1,0
3077,3081,1,0
3078,3082,1,1
3079,3083,1,0
3080,3084,1,0
3081,3085,1,0
3082,3086,1,0
3083,3087,1,1
3084,3088,1,0
3085,3089,1,0
3086,3090,1,0
3087,3091,1,0
3088,3092,1,0
3089,3093,1,1
3090,3094,1,0
3091,3095,1,1
3092,3096,1,1
3093,3097,1,1
3094,3098,1,0
3095,3099,1,1
3096,3100,1,1
3097,3101,1,0
3098,3102,1,0
3099,3103,1,1
3100,3104,1,0
3101,3105,1,1
3102,3106,1,0
3103,3107,1,1
3104,3108,1,0
3105,3109,1,1
3106,3110,1,0
3107,3111,1,0
3108,3112,1,1
3109,3113,1,0
3110,3114,1,1
3111,3115,1,0
3112,3116,1,0
3113,3117,1,0
3114,3118,1,1
3115,3119,1,1
3116,3120,1,0
3117,3121,1,0
3118,3122,1,0
3119,3123,1,0
3120,3124,1,1
3121,3125,1,0
3122,3126,1,0
3123,3127,1,0
3124,3128,1,0
3125,3129,1,0
3126,3130,1,0
3127,3131,1,0
3128,3132,1,0
3129,3133,1,0
3130,3134,1,0
3131,3135,1,0
3132,3136,1,0
3133,3137,1,0
3134,3138,1,0
3135,3139,1,0
3136,3140,1,0
3137,3141,1,0
3138,3142,1,0
3139,3143,1,1
3140,3144,1,0
3141,3145,1,0
3142,3146,1,1
3143,3147,1,1
3144,3148,1,0
3145,3149,1,0
3146,3150,1,1
3147,3151,1,1
3148,3152,1,0
3149,3153,1,0
3150,3154,1,0
3151,3155,1,0
3152,3156,1,1
3153,3157,1,0
3154,3158,1,1
3155,3159,1,1
3156,3160,1,1
3157,3161,1,1
3158,3162,1,0
3159,3163,1,0
3160,3164,1,0
3161,3165,1,0
3162,3166,1,1
3163,3167,1,0
3164,3168,1,0
3165,3169,1,1
3166,3170,1,0
3167,3171,1,0
3168,3172,1,0
3169,3173,1,1
3170,3174,1,0
3171,3175,1,0
3172,3176,1,1
3173,3177,1,1
3174,3178,1,1
3175,3179,1,0
3176,3180,1,0
3177,3181,1,1
3178,3182,1,0
3179,3183,1,0
3180,3184,1,0
3181,3185,1,1
3182,3186,1,0
3183,3187,1,1
3184,3188,1,1
3185,3189,1,0
3186,3190,1,1
3187,3191,1,0
3188,3192,1,0
3189,3193,1,0
3190,3194,1,0
3191,3195,1,0
3192,3196,1,0
3193,3197,1,0
3194,3198,1,0
3195,3199,1,0
3196,3200,1,0
3197,3201,1,0
3198,3202,1,1
3199,3203,1,0
3200,3204,1,0
3201,3205,1,0
3202,3206,1,0
3203,3207,1,0
3204,3208,1,0
3205,3209,1,1
3206,3210,1,0
3207,3211,1,0
3208,3212,1,0
3209,3213,1,1
3210,3214,1,0
3211,3215,1,0
3212,3216,1,0
3213,3217,1,1
3214,3218,1,1
3215,3219,1,0
3216,3220,1,0
3217,3221,1,0
3218,3222,1,0
3219,3223,1,0
3220,3224,1,0
3221,3225,1,0
3222,3226,1,1
3223,3227,1,0
3224,3228,1,0
3225,3229,1,0
3226,3230,1,0
3227,3231,1,0
3228,3232,1,0
3229,3233,1,0
3230,3234,1,1
3231,3235,1,0
3232,3236,1,1
3233,3237,1,0
3234,3238,1,0
3235,3239,1,0
3236,3240,1,0
3237,3241,1,0
3238,3242,1,0
3239,3243,1,1
3240,3244,1,1
3241,3245,1,0
3242,3246,1,0
3243,3247,1,0
3244,3248,1,0
3245,3249,1,0
3246,3250,1,0
3247,3251,1,0
3248,3252,1,0
3249,3253,1,0
3250,3254,1,0
3251,3255,1,0
3252,3256,1,0
3253,3257,1,1
3254,3258,1,0
3255,3259,1,1
3256,3260,1,0
3257,3261,1,0
3258,3262,1,0
3259,3263,1,0
3260,3264,1,1
3261,3265,1,1
3262,3266,1,0
3263,3267,1,1
3264,3268,1,1
3265,3269,1,0
3266,3270,1,1
3267,3271,1,0
3268,3272,1,0
3269,3273,1,0
3270,3274,1,0
3271,3275,1,0
3272,3276,1,0
3273,3277,1,1
3274,3278,1,0
3275,3279,1,1
3276,3280,1,0
3277,3281,1,0
3278,3282,1,1
3279,3283,1,1
3280,3284,1,0
3281,3285,1,1
3282,3286,1,1
3283,3287,1,0
3284,3288,1,0
3285,3289,1,1
3286,3290,1,1
3287,3291,1,0
3288,3292,1,1
3289,3293,1,0
3290,3294,1,1
3291,3295,1,0
3292,3296,1,0
3293,3297,1,1
3294,3298,1,0
3295,3299,1,0
3296,3300,1,0
3297,3301,1,0
3298,3302,1,0
3299,3303,1,0
3300,3304,1,0
3301,3305,1,0
3302,3306,1,1
3303,3307,1,1
3304,3308,1,1
3305,3309,1,0
3306,3310,1,1
3307,3311,1,0
3308,3312,1,0
3309,3313,1,0
3310,3314,1,1
3311,3315,1,0
3312,3316,1,0
3313,3317,1,0
3314,3318,1,0
3315,3319,1,0
3316,3320,1,0
3317,3321,1,0
3318,3322,1,0
3319,3323,1,0
3320,3324,1,1
3321,3325,1,1
3322,3326,1,0
3323,3327,1,0
3324,3328,1,1
3325,3329,1,0
3326,3330,1,0
3327,3331,1,0
3328,3332,1,0
3329,3333,1,0
3330,3334,1,1
3331,3335,1,0
3332,3336,1,0
3333,3337,1,0
3334,3338,1,1
3335,3339,1,0
3336,3340,1,0
3337,3341,1,0
3338,3342,1,0
3339,3343,1,0
3340,3344,1,1
3341,3345,1,0
3342,3346,1,0
3343,3347,1,0
3344,3348,1,0
3345,3349,1,1
3346,3350,1,1
3347,3351,1,1
3348,3352,1,1
3349,3353,1,0
3350,3354,1,0
3351,3355,1,0
3352,3356,1,0
3353,3357,1,1
3354,3358,1,0
3355,3359,1,0
3356,3360,1,0
3357,3361,1,1
3358,3362,1,0
3359,3363,1,1
3360,3364,1,0
3361,3365,1,0
3362,3366,1,0
3363,3367,1,0
3364,3368,1,1
3365,3369,1,0
3366,3370,1,0
3367,3371,1,0
3368,3372,1,1
3369,3373,1,0
3370,3374,1,0
3371,3375,1,1
3372,3376,1,1
3373,3377,1,1
3374,3378,1,0
3375,3379,1,0
3376,3380,1,0
3377,3381,1,0
3378,3382,1,1
3379,3383,1,1
3380,3384,1,0
3381,3385,1,0
3382,3386,1,1
3383,3387,1,0
3384,3388,1,0
3385,3389,1,0
3386,3390,1,0
3387,3391,1,0
3388,3392,1,0
3389,3393,1,0
3390,3394,1,1
3391,3395,1,0
3392,3396,1,0
3393,3397,1,0
3394,3398,1,0
3395,3399,1,1
3396,3400,1,1
3397,3401,1,1
3398,3402,1,0
3399,3403,1,1
3400,3404,1,1
3401,3405,1,0
3402,3406,1,0
3403,3407,1,0
3404,3408,1,0
3405,3409,1,0
3406,3410,1,1
3407,3411,1,1
3408,3412,1,0
3409,3413,1,1
3410,3414,1,1
3411,3415,1,0
3412,3416,1,0
3413,3417,1,0
3414,3418,1,0
3415,3419,1,0
3416,3420,1,1
3417,3421,1,1
3418,3422,1,0
3419,3423,1,0
3420,3424,1,0
3421,3425,1,0
3422,3426,1,0
3423,3427,1,0
3424,3428,1,1
3425,3429,1,0
3426,3430,1,0
3427,3431,1,0
3428,3432,1,0
3429,3433,1,1
3430,3434,1,0
3431,3435,1,0
3432,3436,1,0
3433,3437,1,1
3434,3438,1,1
3435,3439,1,0
3436,3440,1,0
3437,3441,1,1
3438,3442,1,0
3439,3443,1,0
3440,3444,1,1
3441,3445,1,1
3442,3446,1,0
3443,3447,1,1
3444,3448,1,0
3445,3449,1,0
3446,3450,1,1
3447,3451,1,1
3448,3452,1,1
3449,3453,1,0
3450,3454,1,0
3451,3455,1,0
3452,3456,1,0
3453,3457,1,0
3454,3458,1,0
3455,3459,1,0
3456,3460,1,0
3457,3461,1,0
3458,3462,1,0
3459,3463,1,1
3460,3464,1,0
3461,3465,1,0
3462,3466,1,1
3463,3467,1,0
3464,3468,1,0
3465,3469,1,1
3466,3470,1,0
3467,3471,1,0
3468,3472,1,0
3469,3473,1,0
3470,3474,1,0
3471,3475,1,0
3472,3476,1,0
3473,3477,1,1
3474,3478,1,0
3475,3479,1,0
3476,3480,1,0
3477,3481,1,0
3478,3482,1,0
3479,3483,1,0
3480,3484,1,0
3481,3485,1,0
3482,3486,1,1
3483,3487,1,1
3484,3488,1,1
3485,3489,1,1
3486,3490,1,0
3487,3491,1,0
3488,3492,1,0
3489,3493,1,0
3490,3494,1,0
3491,3495,1,0
3492,3496,1,0
3493,3497,1,1
3494,3498,1,1
3495,3499,1,1
3496,3500,1,1
3497,3501,1,0
3498,3502,1,1
3499,3503,1,0
3500,3504,1,0
3501,3505,1,0
3502,3506,1,0
3503,3507,1,1
3504,3508,1,0
3505,3509,1,0
3506,3510,1,0
3507,3511,1,1
3508,3512,1,1
3509,3513,1,0
3510,3514,1,1
3511,3515,1,0
3512,3516,1,1
3513,3517,1,0
3514,3518,1,0
3515,3519,1,0
3516,3520,1,0
3517,3521,1,1
3518,3522,1,1
3519,3523,1,1
3520,3524,1,0
3521,3525,1,0
3522,3526,1,0
3523,3527,1,1
3524,3528,1,0
3525,3529,1,1
3526,3530,1,1
3527,3531,1,0
3528,3532,1,0
3529,3533,1,1
3530,3534,1,1
3531,3535,1,1
3532,3536,1,0
3533,3537,1,0
3534,3538,1,0
3535,3539,1,0
3536,3540,1,0
3537,3541,1,0
3538,3542,1,0
3539,3543,1,0
3540,3544,1,0
3541,3545,1,0
3542,3546,1,0
3543,3547,1,0
3544,3548,1,0
3545,3549,1,1
3546,3550,1,0
3547,3551,1,0
3548,3552,1,0
3549,3553,1,0
3550,3554,1,0
3551,3555,1,0
3552,3556,1,0
3553,3557,1,1
3554,3558,1,0
3555,3559,1,0
3556,3560,2,1
3557,3561,1,0
3558,3562,1,1
3559,3563,1,0
3560,3564,1,1
3561,3565,1,1
3562,3566,1,0
3563,3567,1,0
3564,3568,1,1
3565,3569,1,0
3566,3570,1,1
3567,3571,1,1
3568,3572,1,0
3569,3573,1,1
3570,3574,1,0
3571,3575,1,0
3572,3576,1,1
3573,3577,1,0
3574,3578,1,0
3575,3579,1,1
3576,3580,1,1
3577,3581,1,0
3578,3582,1,0
3579,3583,1,0
3580,3584,1,1
3581,3586,1,0
3582,3587,1,0
3583,3588,1,1
3584,3589,1,1
3585,3590,1,0
3586,3591,1,0
3587,3592,1,0
3588,3593,1,0
3589,3594,1,0
3590,3595,1,0
3591,3596,1,1
3592,3597,1,1
3593,3598,1,1
3594,3599,1,0
3595,3600,1,0
3596,3601,1,0
3597,3602,1,0
3598,3603,1,0
3599,3604,1,0
3600,3605,1,0
3601,3606,1,0
3602,3607,1,0
3603,3608,1,0
3604,3609,1,0
3605,3610,1,0
3606,3611,1,0
3607,3612,1,0
3608,3613,1,0
3609,3614,1,0
3610,3615,1,0
3611,3616,1,0
3612,3617,1,0
3613,3618,1,0
3614,3619,1,0
3615,3620,1,1
3616,3621,1,1
3617,3622,1,0
3618,3623,1,0
3619,3624,1,0
3620,3625,1,0
3621,3626,1,1
3622,3627,1,1
3623,3628,1,1
3624,3629,1,0
3625,3630,1,0
3626,3631,1,1
3627,3632,1,1
3628,3633,1,0
3629,3634,1,0
3630,3635,1,0
3631,3636,1,0
3632,3637,1,0
3633,3638,1,1
3634,3639,1,0
3635,3640,1,0
3636,3641,1,0
3637,3642,1,0
3638,3643,1,0
3639,3644,1,0
3640,3645,1,1
3641,3646,1,0
3642,3647,1,1
3643,3648,1,1
3644,3649,1,1
3645,3650,1,0
3646,3651,1,0
3647,3652,1,1
3648,3653,1,0
3649,3654,1,1
3650,3655,1,1
3651,3656,1,1
3652,3657,1,0
3653,3658,1,0
3654,3659,1,1
3655,3660,1,1
3656,3661,1,0
3657,3662,1,1
3658,3663,1,0
3659,3664,1,1
3660,3665,1,0
3661,3666,1,1
3662,3667,1,1
3663,3668,1,0
3664,3669,1,1
3665,3670,1,0
3666,3671,1,0
3667,3672,1,0
3668,3673,1,0
3669,3674,1,0
3670,3675,1,0
3671,3676,1,1
3672,3677,1,0
3673,3678,1,1
3674,3679,1,0
3675,3680,1,1
3676,3681,1,0
3677,3682,1,0
3678,3683,1,0
3679,3684,1,0
3680,3685,1,0
3681,3686,1,1
3682,3687,1,0
3683,3688,1,0
3684,3689,1,1
3685,3690,1,0
3686,3691,1,1
3687,3692,1,0
3688,3693,1,0
3689,3694,1,0
3690,3695,1,1
3691,3696,1,0
3692,3697,1,1
3693,3698,1,1
3694,3699,1,0
3695,3700,1,1
3696,3701,1,0
3697,3702,1,0
3698,3703,1,0
3699,3704,1,0
3700,3705,1,1
3701,3706,1,0
3702,3707,1,1
3703,3708,1,0
3704,3709,1,1
3705,3710,1,1
3706,3711,1,0
3707,3712,1,0
3708,3713,1,0
3709,3714,1,0
3710,3715,1,0
3711,3716,1,0
3712,3717,1,0
3713,3718,1,0
3714,3719,1,0
3715,3720,1,0
3716,3721,1,0
3717,3722,1,0
3718,3723,1,0
3719,3724,1,0
3720,3725,1,1
3721,3726,1,1
3722,3727,1,1
3723,3728,1,0
3724,3729,1,1
3725,3730,1,1
3726,3731,1,0
3727,3732,1,1
3728,3733,1,1
3729,3734,1,1
3730,3735,1,0
3731,3736,1,0
3732,3737,1,0
3733,3738,1,0
3734,3739,1,0
3735,3740,1,0
3736,3741,1,0
3737,3742,1,1
3738,3743,1,1
3739,3744,1,0
3740,3745,1,1
3741,3746,1,0
3742,3747,1,0
3743,3748,1,0
3744,3749,1,1
3745,3750,1,0
3746,3751,1,0
3747,3752,1,0
3748,3753,1,0
3749,3755,1,1
3750,3756,1,0
3751,3757,1,1
3752,3758,1,0
3753,3759,1,0
3754,3760,1,0
3755,3761,1,0
3756,3762,1,0
3757,3763,1,0
3758,3764,1,0
3759,3765,1,1
3760,3766,1,0
3761,3767,1,1
3762,3768,1,1
3763,3769,1,0
3764,3770,1,1
3765,3771,1,0
3766,3772,1,0
3767,3773,1,0
3768,3774,1,1
3769,3775,1,0
3770,3776,1,0
3771,3777,1,1
3772,3778,1,0
3773,3779,1,0
3774,3780,1,0
3775,3781,1,0
3776,3782,1,1
3777,3783,1,0
3778,3784,1,0
3779,3785,1,0
3780,3786,1,1
3781,3787,1,1
3782,3788,1,0
3783,3789,1,0
3784,3790,1,1
3785,3791,1,0
3786,3792,1,0
3787,3793,1,1
3788,3794,1,0
3789,3795,1,0
3790,3796,1,0
3791,3797,1,0
3792,3798,1,0
3793,3799,1,0
3794,3800,1,0
3795,3801,1,1
3796,3802,1,1
3797,3803,1,0
3798,3804,1,0
3799,3805,1,0
3800,3806,1,0
3801,3807,1,0
3802,3808,1,0
3803,3809,1,0
3804,3810,1,0
3805,3811,1,0
3806,3812,1,0
3807,3813,1,1
3808,3814,1,0
3809,3815,1,1
3810,3816,1,0
3811,3817,1,0
3812,3818,1,1
3813,3819,1,1
3814,3820,1,1
3815,3821,1,0
3816,3822,1,0
3817,3823,1,1
3818,3824,1,0
3819,3825,1,0
3820,3827,1,1
3821,3828,1,1
3822,3829,1,1
3823,3830,1,0
3824,3831,1,1
3825,3832,1,0
3826,3833,1,0
3827,3834,1,0
3828,3835,1,0
3829,3836,1,0
3830,3837,1,0
3831,3838,1,0
3832,3839,1,1
3833,3840,1,0
3834,3841,1,0
3835,3842,1,0
3836,3843,1,0
3837,3844,1,0
3838,3845,1,0
3839,3846,1,0
3840,3847,1,1
3841,3848,1,1
3842,3849,1,0
3843,3850,1,1
3844,3851,1,0
3845,3852,1,0
3846,3853,1,0
3847,3854,1,1
3848,3855,1,0
3849,3856,1,1
3850,3857,1,0
3851,3858,1,1
3852,3859,1,1
3853,3860,1,0
3854,3861,1,1
3855,3862,1,0
3856,3863,1,1
3857,3864,1,1
3858,3865,1,0
3859,3866,1,0
3860,3867,1,0
3861,3868,1,1
3862,3869,1,1
3863,3870,1,1
3864,3871,1,0
3865,3872,1,0
3866,3873,1,0
3867,3874,1,1
3868,3875,1,1
3869,3876,1,1
3870,3877,1,1
3871,3878,1,0
3872,3879,1,0
3873,3880,1,0
3874,3881,1,1
3875,3882,1,0
3876,3883,1,0
3877,3884,1,0
3878,3885,1,0
3879,3886,1,0
3880,3887,1,0
3881,3888,1,1
3882,3889,1,1
3883,3890,1,1
3884,3891,1,0
3885,3892,1,1
3886,3893,1,1
3887,3894,1,1
3888,3895,1,0
3889,3896,1,0
3890,3897,1,0
3891,3898,1,0
3892,3899,1,0
3893,3900,1,0
3894,3901,1,0
3895,3902,1,0
3896,3903,1,0
3897,3904,1,0
3898,3905,1,0
3899,3906,1,0
3900,3907,1,0
3901,3908,1,1
3902,3909,1,0
3903,3910,1,0
3904,3911,1,1
3905,3912,1,0
3906,3913,1,0
3907,3914,1,0
3908,3915,1,0
3909,3916,1,0
3910,3917,1,0
3911,3918,1,0
3912,3919,1,0
3913,3920,1,0
3914,3921,1,0
3915,3922,1,0
3916,3923,1,0
3917,3924,1,0
3918,3925,1,0
3919,3926,1,0
3920,3927,1,0
3921,3928,1,0
3922,3929,1,1
3923,3930,1,0
3924,3931,1,0
3925,3932,1,0
3926,3933,1,1
3927,3934,1,0
3928,3935,1,0
3929,3936,1,0
3930,3937,1,0
3931,3938,1,0
3932,3939,1,0
3933,3940,1,1
3934,3941,1,0
3935,3942,1,1
3936,3943,1,0
3937,3944,1,1
3938,3945,1,0
3939,3946,1,0
3940,3947,1,0
3941,3948,1,0
3942,3949,1,0
3943,3950,1,0
3944,3951,1,1
3945,3952,1,0
3946,3953,1,0
3947,3954,1,0
3948,3955,1,0
3949,3956,1,1
3950,3957,1,0
3951,3958,1,0
3952,3959,1,1
3953,3960,1,1
3954,3961,1,0
3955,3962,1,0
3956,3963,1,0
3957,3964,1,0
3958,3965,1,1
3959,3966,1,1
3960,3967,1,1
3961,3968,1,0
3962,3969,1,0
3963,3970,1,0
3964,3971,1,0
3965,3972,1,1
3966,3973,1,0
3967,3974,1,0
3968,3975,1,0
3969,3976,1,0
3970,3977,1,0
3971,3978,1,0
3972,3979,1,0
3973,3980,1,0
3974,3981,1,1
3975,3982,1,0
3976,3983,1,0
3977,3984,1,0
3978,3985,1,1
3979,3986,1,0
3980,3987,1,0
3981,3988,1,0
3982,3989,1,0
3983,3990,1,0
3984,3991,1,1
3985,3992,1,0
3986,3993,1,0
3987,3994,1,1
3988,3995,1,0
3989,3996,1,0
3990,3997,1,0
3991,3998,1,1
3992,3999,1,0
3993,4000,1,1
3994,4001,1,0
3995,4002,1,0
3996,4003,1,0
3997,4004,1,0
3998,4005,1,0
3999,4006,1,0
4000,4007,1,1
4001,4008,1,0
4002,4009,1,0
4003,4010,1,0
4004,4011,1,0
4005,4012,1,1
4006,4013,1,0
4007,4014,1,1
4008,4015,1,0
4009,4016,1,0
4010,4017,1,0
4011,4018,1,0
4012,4019,1,0
4013,4020,1,0
4014,4021,1,1
4015,4022,1,0
4016,4023,1,0
4017,4024,1,1
4018,4025,1,0
4019,4026,1,0
4020,4027,1,1
4021,4028,1,1
4022,4029,1,0
4023,4030,1,1
4024,4031,1,1
4025,4032,1,0
4026,4033,1,1
4027,4034,1,0
4028,4035,1,0
4029,4036,1,1
4030,4037,1,0
4031,4038,1,1
4032,4039,1,0
4033,4040,1,1
4034,4041,1,0
4035,4042,1,0
4036,4043,1,1
4037,4044,1,0
4038,4045,1,0
4039,4046,1,0
4040,4047,1,1
4041,4048,1,0
4042,4049,1,0
4043,4050,1,0
4044,4051,1,0
4045,4052,1,1
4046,4053,1,0
4047,4054,1,1
4048,4055,1,0
4049,4056,1,1
4050,4057,1,0
4051,4058,1,0
4052,4059,1,0
4053,4060,1,0
4054,4061,1,0
4055,4062,1,0
4056,4063,1,0
4057,4064,1,0
4058,4065,1,0
4059,4066,1,0
4060,4067,1,1
4061,4068,1,0
4062,4069,1,1
4063,4070,1,0
4064,4071,1,1
4065,4072,1,1
4066,4073,1,0
4067,4074,1,1
4068,4075,1,0
4069,4076,1,0
4070,4077,1,0
4071,4078,1,0
4072,4079,1,0
4073,4080,1,0
4074,4081,1,0
4075,4082,1,0
4076,4083,1,1
4077,4084,1,1
4078,4085,1,0
4079,4086,1,0
4080,4087,1,1
4081,4088,1,1
4082,4089,1,1
4083,4090,1,0
4084,4091,1,1
4085,4092,1,0
4086,4093,1,0
4087,4094,1,0
4088,4095,1,0
4089,4096,1,0
4090,4097,1,0
4091,4098,1,1
4092,4099,1,0
4093,4100,1,0
4094,4101,1,0
4095,4102,1,0
4096,4103,1,1
4097,4104,1,0
4098,4105,1,1
4099,4106,1,1
4100,4107,1,0
4101,4108,1,0
4102,4109,1,1
4103,4110,1,0
4104,4111,1,0
4105,4112,1,0
4106,4113,1,0
4107,4114,1,1
4108,4115,1,1
4109,4116,1,0
4110,4117,1,0
4111,4118,1,0
4112,4119,1,1
4113,4120,1,0
4114,4121,1,0
4115,4122,1,0
4116,4123,1,0
4117,4124,1,0
4118,4125,1,0
4119,4126,1,0
4120,4127,1,0
4121,4128,1,1
4122,4129,1,0
4123,4130,1,1
4124,4131,1,0
4125,4132,1,0
4126,4133,1,0
4127,4134,1,0
4128,4135,1,0
4129,4136,1,0
4130,4137,1,0
4131,4138,1,0
4132,4139,1,0
4133,4140,1,1
4134,4141,1,1
4135,4142,1,1
4136,4143,1,0
4137,4144,1,0
4138,4145,1,0
4139,4146,1,1
4140,4147,1,0
4141,4148,1,0
4142,4149,1,0
4143,4150,1,1
4144,4151,1,1
4145,4152,1,0
4146,4153,1,0
4147,4154,1,1
4148,4155,1,0
4149,4156,1,1
4150,4157,1,0
4151,4158,1,0
4152,4159,1,0
4153,4160,1,0
4154,4161,1,0
4155,4162,1,0
4156,4163,1,0
4157,4164,1,1
4158,4165,1,0
4159,4166,1,0
4160,4167,1,0
4161,4168,1,0
4162,4169,1,0
4163,4170,1,0
4164,4171,1,0
4165,4172,1,0
4166,4173,1,0
4167,4174,1,0
4168,4175,1,0
4169,4176,1,0
4170,4177,1,0
4171,4178,1,0
4172,4179,1,1
4173,4180,1,0
4174,4181,1,0
4175,4182,1,0
4176,4183,1,1
4177,4184,1,0
4178,4185,1,1
4179,4186,1,1
4180,4187,1,0
4181,4188,1,1
4182,4189,1,0
4183,4190,1,0
4184,4191,1,0
4185,4192,1,1
4186,4193,1,0
4187,4194,1,0
4188,4195,1,0
4189,4196,1,0
4190,4197,1,0
4191,4198,1,0
4192,4199,1,0
4193,4200,1,0
4194,4201,1,0
4195,4202,1,1
4196,4203,1,0
4197,4204,1,0
4198,4205,1,0
4199,4206,1,0
4200,4207,1,0
4201,4208,1,0
4202,4209,1,0
4203,4211,1,1
4204,4212,1,0
4205,4213,1,0
4206,4214,1,0
4207,4215,1,0
4208,4216,1,0
4209,4217,1,0
4210,4218,1,1
4211,4219,1,0
4212,4220,1,0
4213,4221,1,1
4214,4222,1,1
4215,4223,1,0
4216,4224,1,1
4217,4225,1,0
4218,4226,1,1
4219,4227,1,1
4220,4228,1,0
4221,4229,1,0
4222,4230,1,0
4223,4231,1,1
4224,4232,1,1
4225,4233,1,1
4226,4234,1,0
4227,4235,1,1
4228,4236,1,0
4229,4237,1,0
4230,4238,1,1
4231,4239,1,1
4232,4240,1,1
4233,4241,1,0
4234,4242,1,0
4235,4243,1,0
4236,4244,1,0
4237,4245,1,0
4238,4246,1,0
4239,4247,1,0
4240,4248,1,0
4241,4249,1,0
4242,4250,1,1
4243,4251,1,0
4244,4252,1,0
4245,4253,1,0
4246,4254,1,0
4247,4255,1,0
4248,4256,1,0
4249,4257,1,0
4250,4258,1,0
4251,4259,1,0
4252,4260,1,0
4253,4261,1,0
4254,4262,1,0
4255,4263,1,0
4256,4264,1,0
4257,4265,1,0
4258,4266,1,0
4259,4267,1,1
4260,4268,1,0
4261,4269,1,0
4262,4270,1,0
4263,4271,1,0
4264,4272,1,0
4265,4273,1,0
4266,4274,1,1
4267,4275,1,0
4268,4276,1,0
4269,4277,1,0
4270,4278,1,0
4271,4279,1,0
4272,4280,1,1
4273,4281,1,0
4274,4282,1,0
4275,4283,1,0
4276,4284,1,0
4277,4285,1,0
4278,4286,1,0
4279,4287,1,1
4280,4288,1,0
4281,4289,1,0
4282,4290,1,0
4283,4291,1,0
4284,4292,1,0
4285,4293,1,0
4286,4294,1,1
4287,4295,1,0
4288,4296,1,1
4289,4297,1,1
4290,4298,1,0
4291,4299,1,0
4292,4300,1,0
4293,4301,1,1
4294,4302,1,0
4295,4303,1,1
4296,4304,1,0
4297,4305,1,1
4298,4306,1,0
4299,4307,1,0
4300,4308,1,0
4301,4309,1,0
4302,4310,1,0
4303,4311,1,1
4304,4312,1,1
4305,4313,1,1
4306,4314,1,0
4307,4315,1,0
4308,4316,1,0
4309,4317,1,0
4310,4318,1,0
4311,4319,1,0
4312,4320,1,0
4313,4321,1,0
4314,4322,1,1
4315,4323,1,1
4316,4324,1,0
4317,4325,1,1
4318,4326,1,0
4319,4327,1,0
4320,4328,1,0
4321,4329,1,0
4322,4330,1,0
4323,4331,1,0
4324,4332,1,1
4325,4333,1,0
4326,4334,1,0
4327,4335,1,0
4328,4336,1,0
4329,4337,1,0
4330,4338,1,1
4331,4339,1,0
4332,4340,1,0
4333,4341,1,1
4334,4342,1,0
4335,4343,1,0
4336,4344,1,1
4337,4345,1,0
4338,4346,1,0
4339,4347,1,0
4340,4348,1,0
4341,4349,1,0
4342,4350,1,1
4343,4351,1,1
4344,4352,1,0
4345,4353,1,0
4346,4354,1,0
4347,4355,1,1
4348,4356,1,0
4349,4357,1,0
4350,4358,1,0
4351,4359,1,1
4352,4360,1,0
4353,4361,1,0
4354,4362,1,0
4355,4363,1,0
4356,4364,1,1
4357,4365,1,1
4358,4366,1,1
4359,4367,1,1
4360,4368,1,0
4361,4369,1,0
4362,4370,1,1
4363,4371,1,0
4364,4372,1,0
4365,4373,1,0
4366,4374,1,0
4367,4375,1,0
4368,4376,1,0
4369,4377,1,0
4370,4378,1,0
4371,4379,1,1
4372,4380,1,0
4373,4381,1,1
4374,4382,1,1
4375,4383,1,0
4376,4384,1,0
4377,4385,1,0
4378,4386,1,0
4379,4387,1,0
4380,4388,1,0
4381,4389,1,1
4382,4390,1,0
4383,4391,1,0
4384,4392,1,0
4385,4393,1,0
4386,4394,1,1
4387,4395,1,0
4388,4396,1,0
4389,4397,1,0
4390,4398,1,0
4391,4399,1,1
4392,4400,1,0
4393,4401,1,0
4394,4402,1,1
4395,4403,1,0
4396,4404,1,0
4397,4405,1,0
4398,4406,1,1
4399,4407,1,1
4400,4408,1,1
4401,4409,1,0
4402,4410,1,0
4403,4411,1,0
4404,4412,1,0
4405,4413,1,0
4406,4414,1,0
4407,4415,1,0
4408,4416,1,0
4409,4417,1,0
4410,4418,1,0
4411,4419,1,1
4412,4420,1,0
4413,4421,1,0
4414,4422,1,0
4415,4423,1,0
4416,4424,1,1
4417,4425,1,0
4418,4426,1,0
4419,4427,1,0
4420,4428,1,0
4421,4429,1,1
4422,4430,1,0
4423,4431,1,1
4424,4432,1,0
4425,4433,1,0
4426,4434,1,0
4427,4435,1,0
4428,4436,1,0
4429,4437,1,1
4430,4438,1,1
4431,4439,1,0
4432,4440,1,0
4433,4441,1,0
4434,4442,1,0
4435,4443,1,0
4436,4444,1,0
4437,4445,1,0
4438,4446,1,0
4439,4447,1,0
4440,4448,1,1
4441,4449,1,1
4442,4450,1,0
4443,4451,1,0
4444,4452,1,1
4445,4453,1,0
4446,4454,1,0
4447,4455,1,0
4448,4456,1,1
4449,4457,1,0
4450,4458,1,0
4451,4459,1,1
4452,4460,1,0
4453,4461,1,0
4454,4462,1,0
4455,4463,1,0
4456,4464,1,0
4457,4465,1,1
4458,4466,1,1
4459,4467,1,1
4460,4468,1,0
4461,4469,1,1
4462,4470,1,0
4463,4471,1,0
4464,4472,1,0
4465,4473,1,0
4466,4474,1,1
4467,4475,1,0
4468,4476,1,0
4469,4477,1,0
4470,4478,1,0
4471,4479,1,0
4472,4480,1,0
4473,4481,1,0
4474,4482,1,1
4475,4483,1,0
4476,4484,1,0
4477,4485,1,0
4478,4486,1,1
4479,4487,1,0
4480,4488,1,0
4481,4489,1,0
4482,4490,1,0
4483,4491,1,1
4484,4492,1,1
4485,4493,1,0
4486,4494,1,0
4487,4495,1,0
4488,4496,1,1
4489,4497,1,1
4490,4498,1,0
4491,4499,1,0
4492,4500,1,0
4493,4501,1,0
4494,4502,1,0
4495,4503,1,0
4496,4504,1,1
4497,4505,1,0
4498,4506,1,0
4499,4507,1,0
4500,4508,1,0
4501,4509,1,1
4502,4510,1,1
4503,4511,1,0
4504,4512,1,1
4505,4513,1,1
4506,4514,1,0
4507,4515,1,0
4508,4516,1,0
4509,4517,1,0
4510,4518,1,0
4511,4519,1,0
4512,4520,1,1
4513,4521,1,1
4514,4522,1,1
4515,4523,1,0
4516,4524,1,0
4517,4525,1,1
4518,4526,1,0
4519,4527,1,0
4520,4528,1,1
4521,4529,1,1
4522,4530,1,0
4523,4531,1,0
4524,4532,1,0
4525,4533,1,0
4526,4534,1,0
4527,4535,1,0
4528,4536,1,0
4529,4537,1,1
4530,4538,1,0
4531,4539,1,1
4532,4540,1,0
4533,4541,1,0
4534,4542,1,0
4535,4543,1,0
4536,4544,1,0
4537,4545,1,0
4538,4546,1,1
4539,4547,1,0
4540,4548,1,1
4541,4549,1,0
4542,4550,1,1
4543,4551,1,0
4544,4552,1,1
4545,4553,1,0
4546,4554,1,0
4547,4555,1,0
4548,4556,1,0
4549,4557,1,1
4550,4558,1,0
4551,4559,1,0
4552,4560,1,1
4553,4561,1,1
4554,4562,1,0
4555,4563,1,0
4556,4564,1,0
4557,4565,1,0
4558,4566,1,1
4559,4567,1,1
4560,4568,1,0
4561,4569,1,0
4562,4570,1,0
4563,4571,1,0
4564,4572,1,0
4565,4573,1,1
4566,4574,1,0
4567,4575,1,1
4568,4576,1,0
4569,4577,1,0
4570,4578,1,0
4571,4579,1,0
4572,4580,1,0
4573,4581,1,0
4574,4582,1,0
4575,4583,1,1
4576,4584,1,0
4577,4585,1,0
4578,4586,1,0
4579,4587,1,0
4580,4588,1,0
4581,4589,1,0
4582,4590,1,0
4583,4591,1,1
4584,4592,1,0
4585,4593,1,0
4586,4594,1,0
4587,4595,1,0
4588,4596,1,0
4589,4597,1,0
4590,4598,1,0
4591,4599,1,0
4592,4600,1,0
4593,4601,1,1
4594,4602,1,0
4595,4603,1,1
4596,4604,1,1
4597,4605,1,1
4598,4606,1,0
4599,4607,1,1
4600,4608,1,0
4601,4609,1,1
4602,4610,1,0
4603,4611,1,0
4604,4612,1,0
4605,4613,1,0
4606,4614,1,0
4607,4615,1,0
4608,4616,1,1
4609,4617,1,0
4610,4618,1,1
4611,4619,1,0
4612,4620,1,0
4613,4621,1,1
4614,4622,1,0
4615,4623,1,0
4616,4624,1,0
4617,4625,1,1
4618,4626,1,0
4619,4627,1,0
4620,4628,1,1
4621,4629,1,1
4622,4630,1,1
4623,4631,1,0
4624,4632,1,1
4625,4633,1,1
4626,4634,1,1
4627,4635,1,0
4628,4636,1,0
4629,4637,1,1
4630,4638,1,0
4631,4639,1,0
4632,4640,1,0
4633,4641,1,0
4634,4642,1,0
4635,4643,1,0
4636,4644,1,0
4637,4645,1,0
4638,4646,1,0
4639,4647,1,1
4640,4648,1,0
4641,4649,1,0
4642,4650,1,1
4643,4651,1,0
4644,4652,1,0
4645,4653,1,1
4646,4654,1,1
4647,4655,1,0
4648,4656,1,1
4649,4657,1,1
4650,4658,1,0
4651,4659,1,0
4652,4660,1,0
4653,4661,1,1
4654,4662,1,0
4655,4663,1,1
4656,4664,1,1
4657,4665,1,1
4658,4666,1,0
4659,4667,1,1
4660,4668,1,1
4661,4669,1,0
4662,4670,1,0
4663,4671,1,1
4664,4672,1,0
4665,4673,1,0
4666,4674,1,0
4667,4675,1,1
4668,4676,1,1
4669,4677,1,0
4670,4678,1,0
4671,4679,1,0
4672,4680,1,1
4673,4681,1,0
4674,4682,1,0
4675,4683,1,1
4676,4684,1,0
4677,4685,1,1
4678,4686,1,0
4679,4687,1,0
4680,4688,1,0
4681,4689,1,0
4682,4690,1,1
4683,4691,1,1
4684,4692,1,0
4685,4693,1,0
4686,4694,1,0
4687,4695,1,0
4688,4696,1,0
4689,4697,1,0
4690,4698,1,0
4691,4699,1,0
4692,4700,1,0
4693,4701,1,0
4694,4702,1,0
4695,4703,1,0
4696,4704,1,0
4697,4705,1,0
4698,4706,1,0
4699,4707,1,0
4700,4708,1,0
4701,4709,1,1
4702,4710,1,0
4703,4711,1,0
4704,4712,1,0
4705,4713,1,0
4706,4714,1,0
4707,4715,1,1
4708,4716,1,0
4709,4717,1,1
4710,4718,1,0
4711,4719,1,0
4712,4720,1,0
4713,4721,1,0
4714,4722,1,1
4715,4723,1,0
4716,4724,1,0
4717,4725,1,0
4718,4726,1,1
4719,4727,1,0
4720,4728,1,1
4721,4729,1,0
4722,4730,1,0
4723,4731,1,0
4724,4732,1,0
4725,4733,1,0
4726,4734,1,0
4727,4735,1,0
4728,4736,1,0
4729,4737,1,0
4730,4738,1,0
4731,4739,1,0
4732,4740,1,0
4733,4741,1,1
4734,4742,1,0
4735,4743,1,0
4736,4744,1,0
4737,4745,1,0
4738,4746,1,0
4739,4747,1,0
4740,4748,1,0
4741,4749,1,0
4742,4750,1,0
4743,4751,1,0
4744,4752,1,0
4745,4753,1,0
4746,4754,1,0
4747,4755,1,0
4748,4756,1,1
4749,4757,1,0
4750,4758,1,0
4751,4759,1,0
4752,4760,1,1
4753,4761,1,0
4754,4762,1,0
4755,4763,1,1
4756,4764,1,0
4757,4765,1,1
4758,4766,1,0
4759,4767,1,0
4760,4768,1,0
4761,4769,1,1
4762,4770,1,0
4763,4771,1,0
4764,4772,1,0
4765,4773,1,1
4766,4774,1,0
4767,4775,1,0
4768,4776,1,0
4769,4777,1,1
4770,4778,1,1
4771,4779,1,0
4772,4780,1,0
4773,4781,1,0
4774,4782,1,1
4775,4783,1,1
4776,4784,1,0
4777,4785,1,0
4778,4786,1,1
4779,4787,1,0
4780,4788,1,0
4781,4789,1,1
4782,4790,1,0
4783,4791,1,0
4784,4792,1,0
4785,4793,1,0
4786,4794,1,0
4787,4795,1,1
4788,4796,1,1
4789,4797,1,0
4790,4798,1,0
4791,4799,1,0
4792,4800,1,1
4793,4801,1,1
4794,4802,1,0
4795,4803,1,0
4796,4804,1,0
4797,4805,1,1
4798,4806,1,1
4799,4807,1,0
4800,4808,1,1
4801,4809,1,1
4802,4810,1,1
4803,4811,1,1
4804,4812,1,0
4805,4813,1,0
4806,4814,1,1
4807,4815,1,1
4808,4816,1,0
4809,4817,1,0
4810,4818,1,0
4811,4819,1,0
4812,4820,1,1
4813,4821,1,0
4814,4822,1,1
4815,4823,1,0
4816,4824,1,0
4817,4825,1,0
4818,4826,1,0
4819,4827,1,0
4820,4828,1,0
4821,4829,1,0
4822,4830,1,0
4823,4831,1,0
4824,4832,1,1
4825,4833,1,0
4826,4834,1,0
4827,4835,1,0
4828,4836,1,0
4829,4837,1,0
4830,4838,1,1
4831,4839,1,0
4832,4840,1,0
4833,4841,1,0
4834,4842,1,0
4835,4843,1,0
4836,4844,1,0
4837,4845,1,0
4838,4846,1,0
4839,4847,1,0
4840,4848,1,1
4841,4849,1,0
4842,4850,1,0
4843,4851,1,0
4844,4852,1,0
4845,4853,1,0
4846,4854,1,1
4847,4855,1,0
4848,4856,1,0
4849,4857,1,1
4850,4858,1,0
4851,4859,1,0
4852,4860,1,0
4853,4861,1,0
4854,4862,1,0
4855,4863,1,1
4856,4864,1,0
4857,4865,1,1
4858,4866,1,0
4859,4867,1,0
4860,4868,1,1
4861,4869,1,0
4862,4870,1,0
4863,4871,1,0
4864,4872,1,0
4865,4873,1,0
4866,4874,1,0
4867,4875,1,1
4868,4876,1,1
4869,4877,1,1
4870,4878,1,0
4871,4879,1,0
4872,4880,1,0
4873,4881,1,0
4874,4882,1,1
4875,4883,1,1
4876,4884,1,1
4877,4885,1,0
4878,4886,1,1
4879,4887,1,1
4880,4888,1,0
4881,4889,1,0
4882,4890,1,0
4883,4891,1,0
4884,4892,1,0
4885,4893,1,1
4886,4894,1,0
4887,4895,1,0
4888,4896,1,0
4889,4897,2,1
4890,4898,1,0
4891,4899,1,1
4892,4900,1,0
4893,4901,1,1
4894,4902,1,0
4895,4903,1,0
4896,4904,1,0
4897,4905,1,0
4898,4906,1,0
4899,4907,1,1
4900,4908,1,0
4901,4909,1,0
4902,4910,1,0
4903,4911,1,1
4904,4912,1,0
4905,4913,1,1
4906,4914,1,0
4907,4915,1,1
4908,4916,1,0
4909,4917,1,0
4910,4918,1,1
4911,4919,1,1
4912,4920,1,0
4913,4921,1,0
4914,4922,1,0
4915,4923,1,1
4916,4924,1,0
4917,4925,1,0
4918,4926,1,0
4919,4927,1,1
4920,4928,1,0
4921,4929,1,0
4922,4930,1,0
4923,4931,1,0
4924,4932,1,0
4925,4933,1,1
4926,4934,1,0
4927,4935,1,1
4928,4936,1,0
4929,4938,1,0
4930,4939,1,0
4931,4940,1,0
4932,4941,1,0
4933,4942,1,0
4934,4943,1,1
4935,4944,1,1
4936,4945,1,0
4937,4946,1,0
4938,4947,1,0
4939,4948,1,0
4940,4949,1,1
4941,4950,1,0
4942,4951,1,0
4943,4952,1,0
4944,4953,1,0
4945,4954,1,0
4946,4955,1,0
4947,4956,1,0
4948,4957,1,0
4949,4958,1,1
4950,4959,1,1
4951,4960,1,0
4952,4961,1,0
4953,4962,1,0
4954,4963,1,0
4955,4964,1,0
4956,4965,1,0
4957,4966,1,0
4958,4967,1,0
4959,4968,1,0
4960,4969,1,0
4961,4970,1,0
4962,4971,1,1
4963,4972,1,0
4964,4973,1,0
4965,4974,1,0
4966,4975,1,0
4967,4976,1,0
4968,4977,1,0
4969,4978,1,0
4970,4979,1,0
4971,4980,1,0
4972,4981,1,1
4973,4982,1,0
4974,4983,1,1
4975,4984,1,1
4976,4985,1,0
4977,4986,1,0
4978,4987,1,0
4979,4988,1,0
4980,4989,1,0
4981,4990,1,1
4982,4991,1,1
4983,4992,1,0
4984,4993,1,1
4985,4994,1,1
4986,4995,1,0
4987,4996,1,1
4988,4997,1,0
4989,4998,1,0
4990,4999,1,0
4991,5000,1,0
4992,5001,1,1
4993,5002,1,0
4994,5003,1,0
4995,5004,1,1
4996,5005,1,1
4997,5006,1,0
4998,5007,1,0
4999,5008,1,0
5000,5009,1,0
5001,5010,1,1
5002,5011,1,0
5003,5012,1,0
5004,5013,1,1
5005,5014,1,0
5006,5015,1,0
5007,5016,1,0
5008,5017,1,0
5009,5018,1,0
5010,5019,1,0
5011,5020,1,0
5012,5021,1,0
5013,5022,1,0
5014,5023,1,0
5015,5024,1,0
5016,5025,1,0
5017,5026,1,0
5018,5027,1,0
5019,5028,1,0
5020,5029,1,0
5021,5030,1,0
5022,5031,1,0
5023,5032,1,0
5024,5033,1,0
5025,5034,1,0
5026,5035,1,0
5027,5036,1,0
5028,5037,1,0
5029,5038,1,0
5030,5039,1,0
5031,5040,1,0
5032,5041,1,0
5033,5042,1,0
5034,5043,1,0
5035,5044,1,1
5036,5045,1,0
5037,5046,1,0
5038,5047,1,0
5039,5048,1,1
5040,5049,1,0
5041,5050,1,0
5042,5051,1,0
5043,5052,1,0
5044,5053,1,0
5045,5054,1,0
5046,5055,1,0
5047,5056,1,1
5048,5057,1,0
5049,5058,1,0
5050,5059,1,0
5051,5060,1,0
5052,5061,1,0
5053,5062,1,0
5054,5063,1,0
5055,5064,1,1
5056,5065,1,1
5057,5066,1,1
5058,5067,1,0
5059,5068,1,0
5060,5069,1,1
5061,5070,1,0
5062,5071,1,0
5063,5072,1,0
5064,5073,1,1
5065,5074,1,0
5066,5075,1,0
5067,5076,1,0
5068,5077,1,0
5069,5078,1,0
5070,5079,1,0
5071,5080,1,0
5072,5081,1,1
5073,5082,1,0
5074,5083,1,1
5075,5084,1,1
5076,5085,1,0
5077,5086,1,1
5078,5087,1,0
5079,5088,1,0
5080,5089,1,0
5081,5090,1,0
5082,5091,1,1
5083,5092,1,1
5084,5093,1,0
5085,5094,1,0
5086,5095,1,0
5087,5096,1,0
5088,5097,1,1
5089,5098,1,0
5090,5099,1,1
5091,5100,1,0
5092,5101,1,0
5093,5102,1,0
5094,5103,1,0
5095,5104,1,1
5096,5105,1,0
5097,5106,1,0
5098,5107,1,0
5099,5108,1,1
5100,5109,1,1
5101,5110,1,0
5102,5111,1,0
5103,5112,1,1
5104,5113,1,0
5105,5114,1,0
5106,5115,1,0
5107,5116,1,0
5108,5117,1,0
5109,5118,1,0
5110,5119,1,0
5111,5120,1,0
5112,5121,1,0
5113,5122,1,0
5114,5123,1,0
5115,5124,1,1
5116,5125,1,0
5117,5126,1,1
5118,5127,1,1
5119,5128,1,0
5120,5129,1,0
5121,5130,1,0
5122,5131,1,0
5123,5132,1,0
5124,5133,1,1
5125,5134,1,0
5126,5135,1,0
5127,5136,1,0
5128,5137,1,1
5129,5138,1,1
5130,5139,1,0
5131,5140,1,1
5132,5141,1,0
5133,5142,1,0
5134,5143,1,0
5135,5144,1,0
5136,5145,1,0
5137,5146,1,0
5138,5147,1,0
5139,5148,1,0
5140,5149,1,0
5141,5150,1,0
5142,5151,1,1
5143,5152,1,1
5144,5153,1,0
5145,5154,1,0
5146,5155,1,1
5147,5156,1,0
5148,5157,1,0
5149,5158,1,1
5150,5159,1,0
5151,5160,1,0
5152,5161,1,1
5153,5162,1,0
5154,5163,1,0
5155,5164,1,0
5156,5165,1,0
5157,5166,1,1
5158,5167,1,0
5159,5168,1,0
5160,5169,1,1
5161,5170,1,0
5162,5171,1,1
5163,5172,1,0
5164,5173,1,0
5165,5174,1,0
5166,5175,1,0
5167,5176,1,0
5168,5177,1,0
5169,5178,1,0
5170,5179,1,0
5171,5180,1,0
5172,5181,1,1
5173,5182,1,0
5174,5183,1,1
5175,5184,1,0
5176,5185,1,0
5177,5186,1,0
5178,5187,1,0
5179,5188,1,1
5180,5189,1,0
5181,5190,1,0
5182,5191,1,0
5183,5192,1,0
5184,5193,1,1
5185,5194,1,1
5186,5195,1,0
5187,5196,1,1
5188,5197,1,1
5189,5198,1,1
5190,5199,1,1
5191,5200,1,0
5192,5201,1,0
5193,5202,1,1
5194,5203,1,0
5195,5204,1,1
5196,5205,1,0
5197,5206,1,0
5198,5207,1,0
5199,5208,1,0
5200,5209,1,0
5201,5210,1,0
5202,5211,1,0
5203,5212,1,1
5204,5213,1,1
5205,5214,1,1
5206,5215,1,0
5207,5216,1,0
5208,5217,1,0
5209,5218,1,0
5210,5219,1,1
5211,5220,1,0
5212,5221,1,0
5213,5222,1,0
5214,5223,1,0
5215,5224,1,0
5216,5225,1,0
5217,5226,1,0
5218,5227,1,0
5219,5228,1,1
5220,5229,1,1
5221,5230,1,0
5222,5231,1,0
5223,5232,1,0
5224,5233,1,0
5225,5234,1,1
5226,5235,1,0
5227,5236,1,1
5228,5237,1,0
5229,5238,1,0
5230,5239,1,0
5231,5240,1,0
5232,5241,1,1
5233,5242,1,1
5234,5243,1,1
5235,5244,1,1
5236,5245,1,1
5237,5246,1,1
5238,5247,1,0
5239,5248,1,1
5240,5249,1,0
5241,5250,1,0
5242,5251,1,0
5243,5252,1,0
5244,5253,1,0
5245,5254,1,1
5246,5255,1,0
5247,5256,1,0
5248,5257,1,0
5249,5258,1,1
5250,5259,1,0
5251,5260,1,0
5252,5261,1,0
5253,5262,1,1
5254,5263,1,1
5255,5264,1,0
5256,5265,1,1
5257,5266,1,1
5258,5267,1,0
5259,5268,1,1
5260,5269,1,0
5261,5270,1,1
5262,5271,1,1
5263,5272,1,0
5264,5273,1,0
5265,5274,1,0
5266,5275,1,0
5267,5276,1,1
5268,5277,1,0
5269,5278,1,0
5270,5279,1,0
5271,5280,1,0
5272,5281,1,1
5273,5282,1,0
5274,5283,1,1
5275,5284,1,1
5276,5285,1,1
5277,5286,1,0
5278,5287,1,0
5279,5288,1,0
5280,5289,1,0
5281,5290,1,0
5282,5291,1,0
5283,5292,1,0
5284,5293,1,0
5285,5294,1,0
5286,5295,1,0
5287,5296,1,1
5288,5297,1,0
5289,5298,1,0
5290,5299,1,1
5291,5300,1,1
5292,5301,1,1
5293,5302,1,0
5294,5303,1,0
5295,5304,1,0
5296,5305,1,0
5297,5306,1,0
5298,5307,1,0
5299,5308,1,1
5300,5309,1,0
5301,5310,1,1
5302,5311,1,1
5303,5312,1,1
5304,5313,1,1
5305,5314,1,0
5306,5315,1,1
5307,5316,1,0
5308,5317,1,0
5309,5318,1,0
5310,5319,1,1
5311,5320,1,0
5312,5321,1,0
5313,5322,1,0
5314,5323,1,0
5315,5324,1,1
5316,5325,1,0
5317,5326,1,0
5318,5327,1,1
5319,5328,1,0
5320,5329,1,0
5321,5330,1,0
5322,5331,1,0
5323,5332,1,0
5324,5333,1,0
5325,5334,1,0
5326,5335,1,1
5327,5336,1,0
5328,5337,1,0
5329,5338,1,0
5330,5339,1,1
5331,5340,1,0
5332,5341,1,0
5333,5342,1,0
5334,5343,1,0
5335,5344,1,0
5336,5345,1,1
5337,5346,1,1
5338,5347,1,0
5339,5348,1,0
5340,5349,1,0
5341,5350,1,1
5342,5351,1,0
5343,5352,1,0
5344,5353,1,1
5345,5354,1,0
5346,5355,1,0
5347,5356,1,0
5348,5357,1,0
5349,5358,1,1
5350,5359,1,1
5351,5360,1,0
5352,5361,1,0
5353,5362,1,0
5354,5363,1,0
5355,5364,1,0
5356,5365,1,0
5357,5366,1,1
5358,5367,1,1
5359,5368,1,1
5360,5369,1,0
5361,5370,1,1
5362,5371,1,0
5363,5372,1,1
5364,5373,1,0
5365,5374,1,1
5366,5375,1,0
5367,5376,1,0
5368,5377,1,0
5369,5378,1,0
5370,5379,1,0
5371,5380,1,0
5372,5381,1,0
5373,5382,1,0
5374,5383,1,0
5375,5384,1,0
5376,5385,1,0
5377,5386,1,0
5378,5387,1,0
5379,5388,1,1
5380,5389,1,1
5381,5390,1,1
5382,5391,1,1
5383,5392,1,0
5384,5393,1,0
5385,5394,1,0
5386,5395,1,0
5387,5396,1,1
5388,5397,1,0
5389,5398,1,0
5390,5399,1,0
5391,5400,1,0
5392,5401,1,1
5393,5402,1,1
5394,5403,1,0
5395,5404,1,1
