Outcome,Feature,Count,Mean,Median,Std
TN,V1,652,0.216282641104295,-0.273431,1.15576371713118
TN,V2,652,0.235267153374233,0.128915,1.07700440260095
TN,V3,652,-0.203082030674847,-0.359458,1.03569663117926
TN,V4,652,-0.274521627300614,-0.333544,0.831944636135667
TN,V5,652,-0.123182217791411,-0.2500795,0.752183628550927
FP,V1,112,-0.497811892857143,-0.6341845,0.415077023639374
FP,V2,112,-0.332080241071429,-0.5489925,0.8652618669082
FP,V3,112,0.3677145625,0.2861765,0.663466715455936
FP,V4,112,0.44432425,0.557731,1.1401983371371
FP,V5,112,-0.00630761607142857,-0.136583,1.09908862761659
FN,V1,49,-0.513476959183674,-0.624125,0.393900285215051
FN,V2,49,-0.298594224489796,-0.524514,0.89202297100449
FN,V3,49,0.49305312244898,0.311365,1.02131237890607
FN,V4,49,-0.308569551020408,-0.789092,1.04613377041048
FN,V5,49,0.372761142857143,-0.136583,1.23021382901043
TP,V1,266,-0.446002233082707,-0.552248,0.377092246749952
TP,V2,266,-0.436483251879699,-0.624007,0.667166836893363
TP,V3,266,0.465427605263158,0.419887,0.761510646921305
TP,V4,266,0.523888657894737,0.6918525,1.13140631587196
TP,V5,266,0.227837646616541,-0.136583,1.37845043226371
