UniqueRow,TrueClass,PredictedClass,Probability1,Outcome,NearHalf,HighConfidenceError,Feature1,Feature2,Feature3,Feature4,Feature5
109,1,0,0.210152453049242,FN,0,0,-0.739543,-0.896713,-0.270589,0.902223,1.785499
164,1,1,0.525794326794591,TP,1,0,-0.841948,-0.969984,-0.144009,2.13075,-1.693309
171,0,1,0.809533725239858,FP,0,0,-0.643204,-0.625454,-0.094549,1.768605,2.452709
172,1,0,0.0698520980217519,FN,0,1,-0.623362,-0.331946,2.138167,-1.487652,-0.818241
220,0,1,0.658464597244785,FP,0,0,-0.804813,-0.969469,-0.276851,2.061537,-0.136583
262,0,1,0.407867271291637,FP,0,0,-0.84335,-0.993798,-0.435235,0.182416,-0.136583
286,0,1,0.564989317587107,FP,0,0,-0.77721,-0.511336,0.497537,2.083382,-0.136583
360,1,0,0.00940577198393204,FN,0,1,-0.863489,-1.582094,-0.613889,-0.909957,-0.136583
395,1,0,0.0278742271200497,FN,0,1,-0.624125,-0.143887,2.084765,-1.330685,1.201514
434,0,1,0.61631606411137,FP,0,0,-0.212816,-0.539598,1.275704,0.424374,0.492359
480,0,1,0.389411193519129,FP,0,0,-0.813956,-1.033002,-0.379599,0.751312,-0.136583
518,1,1,0.47583064882041,TP,1,0,-1.086062,-2.062892,-1.746453,-1.52785,-0.933145
519,0,1,0.70127623185856,FP,0,0,-0.814527,-1.128805,-0.148378,1.410414,1.485927
555,1,0,0.173587584185901,FN,0,0,-0.787265,-1.263343,0.112819,-1.123893,-1.556373
583,0,1,0.7836379554748,FP,0,0,-0.833215,-0.940148,0.238756,-0.500597,-0.136583
597,1,0,0.290908038490377,FN,0,0,-0.046279,0.998692,1.10882,-1.026642,-0.413134
637,0,1,0.625668157803382,FP,0,0,-0.782905,-0.478642,0.793832,2.745151,-1.86615
733,1,1,0.491053151570581,TP,1,0,-0.82784,-0.994565,-0.268217,0.867322,-0.136583
747,1,1,0.474654902227651,TP,1,0,-0.833907,-0.996642,-0.050978,-1.293509,2.140211
764,0,1,0.545098758333609,FP,1,0,-0.731151,-1.014819,-0.131013,0.182038,-0.136583
793,0,1,0.765139125962443,FP,0,0,-0.45554,-0.543864,0.580958,1.72489,-1.193087
800,0,1,0.726829936006279,FP,0,0,-0.343347,1.056467,1.269524,0.372293,0.99765
849,0,1,0.519262144275375,FP,1,0,-0.588127,1.063987,0.865074,0.748272,1.667209
855,0,1,0.628056626483842,FP,0,0,-0.551204,-0.37192,1.024265,0.626072,0.822049
876,1,0,0.120799574444318,FN,0,0,-0.733552,-0.840895,-0.596741,0.911965,2.395015
878,0,1,0.432604514067646,FP,0,0,-0.81938,-0.740861,-0.261518,0.401949,1.13271
1014,0,1,0.795692773836455,FP,0,0,-1.058564,-0.822349,0.452683,2.421008,-1.873837
1043,0,1,0.90118655551541,FP,0,1,-0.74565,-0.762621,-0.053728,1.827372,-1.473612
1047,1,0,0.0831202624348491,FN,0,1,-0.372044,-0.419853,-1.5388,-1.302001,0.406367
1052,1,0,0.277554964441024,FN,0,0,-0.806862,-0.680153,-0.385041,0.445946,2.017509
1067,0,1,0.865519591558745,FP,0,0,-0.669623,-0.66594,0.201745,1.475408,-0.136583
1080,1,0,0.0681993646053554,FN,0,1,-1.133148,-1.75777,-1.227866,0.758236,2.775612
1097,0,1,0.58228478396964,FP,0,0,-0.834755,-0.816692,-0.200269,-1.711944,-0.136583
1105,0,1,0.668202433226704,FP,0,0,-0.820575,-0.82809,0.534709,0.710312,-0.136583
1106,0,1,0.546102067655222,FP,1,0,-0.80826,-0.955123,-0.349451,0.9141,-0.136583
1145,1,0,0.0501885548490008,FN,0,1,-0.690927,-0.495141,2.210242,-1.528728,-0.818245
1166,0,1,0.654670252680707,FP,0,0,0.148982,1.782187,-0.020932,0.570343,-0.525868
1168,0,1,0.58330037526881,FP,0,0,-0.255269,0.625638,0.502929,0.733755,1.845104
1204,1,0,0.262720127917917,FN,0,0,0.224127,1.782998,0.311365,0.094683,-0.428909
1301,0,1,0.74285484723011,FP,0,0,0.05409,-0.109871,0.567775,-0.996606,-0.517997
1331,0,1,0.553356744305834,FP,0,0,-0.806377,-0.522366,0.570109,1.623902,-0.136583
1338,0,1,0.369850064731618,FP,0,0,-0.233437,-0.2849,1.527058,-1.004575,0.789206
1341,1,1,0.532603137077611,TP,1,0,-0.752108,-1.06857,-0.152577,1.48146,-2.073083
1348,1,0,0.215170464754686,FN,0,0,-0.436217,0.349652,1.559659,-1.160449,-0.752611
1366,0,1,0.700431123924062,FP,0,0,0.474415,0.021049,1.751299,-1.134488,-0.470054
1393,0,1,0.467906310890221,FP,1,0,-0.651914,-0.794403,-0.176571,-0.956894,2.549526
1445,0,1,0.636415062567074,FP,0,0,-0.674095,-0.276604,0.628233,-1.199776,-1.063432
1447,0,1,0.763688360172574,FP,0,0,-0.628988,-0.783497,-0.037786,1.050566,-0.136583
1476,1,0,0.014562002354829,FN,0,1,-0.601251,0.087566,1.220887,-1.206219,-0.136583
1531,0,1,0.523881842906741,FP,1,0,-0.878455,-1.150817,-0.359248,1.379279,-1.218569
1588,1,0,0.15909361057915,FN,0,0,0.405674,1.206492,0.029699,-0.162555,-0.369118
1596,1,1,0.458632545930932,TP,1,0,-0.451212,1.607793,1.228451,-1.088791,-0.474056
1637,0,1,0.576113727006186,FP,0,0,-0.301555,-2.853305,0.971522,-1.252668,-0.684231
1681,0,1,0.436326421555078,FP,0,0,-0.658709,-1.00221,-0.320675,1.468215,2.769601
1724,0,1,0.822184274598609,FP,0,0,-0.796021,-0.792967,-0.025999,2.456337,-0.136583
1730,0,1,0.820247335577289,FP,0,0,-1.232858,-2.002776,-1.314272,0.678627,1.700755
1787,0,1,0.424532950591082,FP,0,0,-0.008724,0.986295,0.074704,1.244306,-0.889208
1809,1,0,0.237940023784467,FN,0,0,-0.661236,0.01092,-0.027737,0.583477,-0.136583
1825,0,1,0.931687702686522,FP,0,1,-0.626581,-0.801951,-0.147436,-0.934619,1.583077
1893,0,1,0.719342304600277,FP,0,0,-0.812567,-0.690211,0.201728,2.246715,-0.136583
1894,1,0,0.0412083059915512,FN,0,1,-0.858544,-1.076208,-0.362461,-1.53365,3.534445
1918,0,1,0.561626020721841,FP,0,0,-0.483,-0.077452,1.170251,0.761224,-0.136583
1947,0,1,0.456112549036253,FP,1,0,-0.685055,-0.319118,-0.245417,0.048451,-0.136583
1960,1,0,0.13565675977561,FN,0,0,-0.565832,0.760694,0.466762,0.395333,2.256816
1991,0,1,0.418042384034294,FP,0,0,0.075139,-0.841466,0.551555,2.27264,1.06372
2002,1,1,0.453539888980517,TP,1,0,-0.598446,-0.069098,0.988249,1.239272,-0.136583
2011,0,1,0.837903766903637,FP,0,0,-0.200363,0.263077,0.652395,0.286727,1.629285
2028,0,1,0.428320910150035,FP,0,0,-0.805165,-1.022294,-0.26876,0.816451,-0.136583
2059,0,1,0.499887391148245,FP,1,0,0.570546,-0.138,0.927467,-1.138178,-0.503437
2077,0,1,0.482983670880083,FP,1,0,-0.60278,0.522789,0.510061,1.864847,-1.24624
2083,0,1,0.721198374252121,FP,0,0,-0.766184,-0.83575,0.216982,1.601116,-1.04057
2099,1,1,0.468413900529224,TP,1,0,-0.733236,-0.762609,-0.266674,0.492007,2.115977
2127,1,0,0.108464981844103,FN,0,0,-0.639508,-0.524514,1.448489,0.569036,0.583944
2129,0,1,0.342784696206161,FP,0,0,-0.155263,0.725091,0.305627,-0.909558,-0.411453
2173,1,0,0.0332400109309705,FN,0,1,0.667165,0.821629,0.148007,0.271098,1.721342
2176,1,0,0.269693724705526,FN,0,0,-0.305996,0.906359,0.082239,-0.831612,-0.58248
2231,0,1,0.530500388810993,FP,1,0,-0.258194,0.428977,0.793983,-1.094237,-0.479574
2248,1,0,0.158522623880241,FN,0,0,-0.518245,2.219596,0.796846,0.168161,-0.439541
2303,0,1,0.680660637028885,FP,0,0,-0.804408,-0.959704,-0.26394,2.067061,-0.136583
2313,0,1,0.794753478042306,FP,0,0,0.230299,1.081694,0.561108,0.523954,-0.533412
2318,1,0,0.202780556517357,FN,0,0,-0.375043,-0.570483,1.406389,-1.248535,-0.136583
2319,1,1,0.486317204073476,TP,1,0,-0.646587,-0.323294,-0.153673,0.416448,1.372619
2322,0,1,0.485319641944935,FP,1,0,-0.602604,0.976672,0.228242,0.588435,-0.899175
2378,0,1,0.736684440123383,FP,0,0,-0.286156,-0.398657,1.024308,0.478152,0.708955
2416,0,1,0.802288184534332,FP,0,0,0.434484,1.820563,0.181867,-0.858999,0.113306
2430,0,1,0.364245044021607,FP,0,0,-0.755387,-0.938321,-0.086875,-1.429323,-0.136583
2509,0,1,0.778924161941955,FP,0,0,-0.830491,-0.764744,0.067291,2.697771,-2.046798
2537,0,1,0.832223362743288,FP,0,0,-0.08885,-0.802588,0.980653,0.870146,0.896052
2548,1,0,0.282654188047531,FN,0,0,-0.808993,-0.739996,-0.404451,0.338884,2.00778
2558,1,0,0.194049888571393,FN,0,0,-0.688086,-0.687903,0.862708,1.140745,-0.136583
2574,1,1,0.497483207008677,TP,1,0,-0.690781,-0.364227,0.204063,0.256408,-0.136583
2586,0,1,0.315742001971916,FP,0,0,-0.869627,-1.087259,-0.226088,0.135441,0.623715
2635,0,1,0.714947147742245,FP,0,0,-0.232196,0.711942,0.588965,0.876549,1.589444
2646,1,0,0.0458279185749245,FN,0,1,-0.484011,-0.194953,1.756464,-1.363029,-0.136583
2660,1,0,0.166224444387725,FN,0,0,0.105437,1.004379,0.10733,-0.789092,-0.320983
2666,1,0,0.157869325288941,FN,0,0,-1.112109,-1.946091,-0.066419,-1.433943,2.39253
2699,1,0,0.163822335593113,FN,0,0,-0.602094,-0.715212,0.576582,1.876322,-1.003127
2733,0,1,0.688460731533309,FP,0,0,-0.457838,-1.058721,0.010807,0.843016,1.906846
2745,1,0,0.151924641004412,FN,0,0,-0.550176,-0.351118,1.701646,-1.44566,0.614818
2765,1,0,0.043837784789764,FN,0,1,-0.532468,-1.0104,0.926084,1.285384,1.028766
2780,1,0,0.254977770074072,FN,0,0,-0.882423,-1.153962,-0.085455,-0.812463,-0.613633
2796,1,0,0.0215622315853456,FN,0,1,-0.526022,0.48627,-1.260318,-0.94142,0.947506
2810,1,0,0.0236951506268469,FN,0,1,0.153374,1.300046,-1.35949,-0.730233,-0.312189
2828,1,1,0.491278575822268,TP,1,0,-0.681418,-0.802588,-0.050554,0.685782,-1.889229
2860,0,1,0.709347276968335,FP,0,0,-0.465086,-1.087439,-0.023405,0.968008,1.69848
2912,1,1,0.536787383604316,TP,1,0,-0.579334,-0.031732,0.972321,2.518456,-1.271736
3031,0,1,0.892379836213076,FP,0,0,-0.122243,0.048685,1.101785,-1.217271,-0.493913
3050,0,1,0.714010225464307,FP,0,0,-0.878779,-0.871878,-0.209422,0.124162,-0.136583
3067,0,1,0.434992407769249,FP,0,0,-0.659138,-1.002443,-0.320922,1.466934,2.76776
3103,1,1,0.457395018965913,TP,1,0,-0.710478,-0.84061,-0.359553,1.93013,-1.42147
3123,0,1,0.698533653543144,FP,0,0,-0.422434,0.019228,0.853231,-1.02541,-0.769345
3163,0,1,0.420769357501827,FP,0,0,-0.386807,0.391153,1.068936,0.362579,-0.848529
3212,0,1,0.488147516310167,FP,1,0,-1.188258,-0.20339,0.062917,-1.005995,0.212825
3257,0,1,0.685666846982912,FP,0,0,-0.855212,-1.06066,-0.347172,1.512657,-1.512695
3276,0,1,0.338550613406013,FP,0,0,-0.088405,0.034291,1.285916,-1.035471,0.458961
3277,0,1,0.588994356167236,FP,0,0,-0.731617,-0.837284,0.128682,1.965998,-1.2081
3284,0,1,0.599739968785751,FP,0,0,-0.46931,-1.010755,0.181918,0.890196,1.210309
3288,1,0,0.303217885395483,FN,0,0,-0.629583,-0.147224,1.4823,-1.552568,1.609897
3310,1,1,0.456329259720977,TP,1,0,-0.695053,-0.970691,-0.086878,1.688181,-0.136583
3345,1,0,0.231448475615453,FN,0,0,-0.70923,-0.945402,-0.267668,-1.418212,-0.136583
3346,1,1,0.516318396751014,TP,1,0,-0.789636,-1.13042,-0.220572,1.272102,3.011115
3356,0,1,0.863207897474837,FP,0,0,-0.618012,-0.580708,-0.130114,1.561281,2.607672
3358,0,1,0.528460236053333,FP,1,0,-0.639381,2.181033,-1.399413,1.034245,-0.833051
3366,0,1,0.947037167883167,FP,0,1,-1.076971,-0.825583,0.212283,1.543416,-1.635543
3371,1,0,0.262042027809272,FN,0,0,-0.777135,-0.86056,0.075462,0.581874,1.595525
3404,0,1,0.684774828011764,FP,0,0,-0.662096,-0.891183,1.544455,0.543061,0.933759
3433,1,0,0.112847318268029,FN,0,0,-0.454263,-0.032567,1.899976,-1.502061,0.94563
3448,1,0,0.27741853564963,FN,0,0,-0.79807,-1.010145,-0.259863,1.262134,-0.136583
3582,0,1,0.896466705824094,FP,0,0,-0.825164,-0.554121,1.063263,-1.43109,0.617216
3599,0,1,0.450629321327344,FP,1,0,0.401855,0.968611,-1.279225,0.340127,-0.597249
3615,1,1,0.506758362947689,TP,1,0,-0.30831,-0.746099,0.798781,0.944707,0.952164
3624,0,1,0.870539145547575,FP,0,0,-1.051178,-0.964403,0.311397,-0.500597,-0.136583
3628,0,1,0.695209525061096,FP,0,0,-0.270519,-0.270964,1.083794,0.202938,-0.696469
3635,0,1,0.6918969536703,FP,0,0,0.472214,0.018405,1.671271,-1.112813,-0.463477
3658,0,1,0.624739781850839,FP,0,0,-0.168276,-0.09966,1.030024,0.279456,-0.492147
3674,0,1,0.514662961083588,FP,1,0,-0.788471,-1.085184,-0.236778,0.900804,2.771999
3720,1,0,0.260867386764839,FN,0,0,-0.323914,-0.899438,-0.025862,1.576409,-1.223409
3760,0,1,0.805277525551844,FP,0,0,-1.10761,-1.870296,-1.674936,-1.733622,-1.227002
3825,0,1,0.395012066474821,FP,0,0,-0.462179,0.48419,0.785122,0.273784,0.737262
3826,0,1,0.571224812740706,FP,0,0,-0.185901,0.237392,1.058703,0.335729,-0.602933
3892,0,1,0.892476969877242,FP,0,0,-0.121967,0.048955,1.101785,-1.216973,-0.493913
3920,0,1,0.611983550577011,FP,0,0,-0.615152,-0.471018,1.086204,0.511123,0.747505
4013,0,1,0.805522113378189,FP,0,0,-1.225048,-0.668131,0.647824,-1.476983,-1.060375
4035,0,1,0.51704901856354,FP,1,0,-0.305632,2.114997,0.507608,0.265298,-0.550755
4143,1,0,0.190695160756888,FN,0,0,-0.708668,-0.766634,-0.588355,0.966288,2.354919
4218,1,1,0.499949550382697,TP,1,0,0.326441,0.686879,0.291806,1.218093,-0.938571
4287,0,1,0.751028645047809,FP,0,0,-0.650594,-0.810359,-0.116135,1.017033,-0.136583
4468,0,1,0.504924872991191,FP,1,0,-0.62882,-0.321568,0.939807,0.466649,-0.810366
4477,0,1,0.383829263057385,FP,0,0,-0.742312,-0.193872,0.100695,1.100495,-0.978637
4495,0,1,0.610195704114771,FP,0,0,-0.862127,-1.042468,-0.46881,0.102272,0.902037
4500,0,1,0.694962205480733,FP,0,0,0.522731,-0.181805,1.593794,-1.208788,-0.498632
4532,0,1,0.493126583250186,FP,1,0,-0.744591,-0.878906,0.528755,1.302672,-1.886259
4596,1,0,0.197705664184387,FN,0,0,-0.760921,-0.628262,1.056434,0.763647,-0.136583
4632,0,1,0.714041462686429,FP,0,0,0.182437,1.680103,-0.01896,0.569779,-0.59403
4645,1,0,0.0997164269286033,FN,0,1,-0.607439,-0.743353,2.055719,0.722164,0.770131
4646,1,0,0.193081394647619,FN,0,0,-0.645819,-0.414069,1.56517,-1.264635,-0.782334
4721,0,1,0.79433480408912,FP,0,0,-0.686571,-0.947917,-0.261074,1.343951,1.681038
4805,0,1,0.895467804244544,FP,0,0,-0.803141,-0.826244,0.594044,0.664337,-0.85459
4816,0,1,0.665914194670362,FP,0,0,-0.722473,-0.280975,0.208448,0.950922,-0.136583
4821,0,1,0.562389825624082,FP,0,0,-0.182883,0.299738,1.157003,0.329448,-0.534676
4832,0,1,0.313731808342691,FP,0,0,-0.688197,-0.486743,1.223156,-1.204273,-0.648069
4873,0,1,0.564719221220084,FP,0,0,-0.617608,-0.532401,1.135273,-1.449888,-0.711096
4895,0,1,0.852622455443387,FP,0,0,-0.482021,-0.461,1.146673,-1.24251,-0.831043
4909,0,1,0.814060013300978,FP,0,0,-0.712747,-0.622205,0.321608,1.317323,-0.951041
4937,0,1,0.695798828994803,FP,0,0,-0.756798,-1.012072,-0.093868,1.576296,-1.268276
5002,0,1,0.41729111258082,FP,0,0,0.691829,1.824276,-0.029684,-0.772301,-0.364071
5048,0,1,0.754824631413247,FP,0,0,-0.667554,-0.919026,1.158073,0.662494,0.697015
5085,0,1,0.318561767776685,FP,0,0,0.335012,0.497962,0.266726,0.153648,0.412208
5094,0,1,0.7219245086543,FP,0,0,-0.117218,-0.805156,0.89023,0.991837,0.857336
5099,1,0,0.0310380450187539,FN,0,1,-0.830655,-1.293962,-0.717265,0.186029,-1.303674
5227,1,1,0.468151210159462,TP,1,0,-0.885438,-1.084878,0.002516,-0.764614,-0.669756
5239,1,0,0.137453446574408,FN,0,0,-0.664248,-0.345967,1.427061,0.844096,-0.136583
5261,1,0,0.135857855474248,FN,0,0,0.634873,-0.529634,0.638315,-1.142202,-0.79663
5265,0,1,0.612706001922683,FP,0,0,0.198756,1.781424,-0.051826,0.545683,-0.525069
5293,0,1,0.43179382422974,FP,0,0,-0.548966,-0.041356,0.948981,0.540803,-0.841738
5315,1,0,0.0440175412078773,FN,0,1,-0.6553,-0.030146,1.378165,-1.187749,-0.643225
5370,0,1,0.683043958669829,FP,0,0,-0.432782,-0.271058,1.286359,-1.459677,-0.841255
5380,1,0,0.167325748137991,FN,0,0,-0.216926,-0.536412,1.583302,-1.328197,-0.136583
5383,0,1,0.752017424601047,FP,0,0,-0.708189,-0.847144,0.081916,2.248071,-0.136583
