Sigma,Seed,BA,F1
0,101,0.84892379290285,0.767676767676768
0,102,0.84892379290285,0.767676767676768
0,103,0.84892379290285,0.767676767676768
0,104,0.84892379290285,0.767676767676768
0,105,0.84892379290285,0.767676767676768
0,106,0.84892379290285,0.767676767676768
0,107,0.84892379290285,0.767676767676768
0,108,0.84892379290285,0.767676767676768
0,109,0.84892379290285,0.767676767676768
0,110,0.84892379290285,0.767676767676768
0.1,101,0.824152331089504,0.729281767955801
0.1,102,0.831727333167124,0.741889985895628
0.1,103,0.824445275492396,0.733997155049787
0.1,104,0.833133881824981,0.745714285714286
0.1,105,0.828455081858223,0.736694677871149
0.1,106,0.825754176015956,0.736091298145506
0.1,107,0.821451425247237,0.728551336146273
0.1,108,0.827800631596443,0.735664335664336
0.1,109,0.830877586636749,0.737569060773481
0.1,110,0.825754176015956,0.736091298145506
0.25,101,0.761104878251475,0.651872399445215
0.25,102,0.777534696251974,0.670284938941655
0.25,103,0.762594531704479,0.652949245541838
0.25,104,0.76064572425829,0.652542372881356
0.25,105,0.771463890966509,0.66304347826087
0.25,106,0.764670073963268,0.658992805755396
0.25,107,0.757275824815092,0.647222222222222
0.25,108,0.754003573506191,0.642758620689655
0.25,109,0.764738635419264,0.654891304347826
0.25,110,0.768762985124242,0.661134163208852
0.5,101,0.667048948724341,0.535014005602241
0.5,102,0.695439624366326,0.570637119113573
0.5,103,0.67068270589213,0.540466392318244
0.5,104,0.712162386769717,0.591352859135286
0.5,105,0.686931770963185,0.560544217687075
0.5,106,0.670697249231281,0.539007092198582
0.5,107,0.66441660433807,0.533692722371968
0.5,108,0.664709548740962,0.532593619972261
0.5,109,0.669930607496052,0.540027137042062
0.5,110,0.685261364580736,0.557880055788006
