OriginalRow,TrueClass,PredictedClass,Probability1,Outcome,NearThreshold,HighConfidenceError,Feature1,Feature2,Feature3,Feature4,Feature5
3,0,0,0.290476373867016,TN,0,0,0.870593,-0.459862,0.578159,0.806634,0.835248
7,0,0,0.059255561085057,TN,0,0,2.470804,-0.707277,0.787143,-0.916224,-0.350777
21,0,0,0.114210286824854,TN,0,0,-0.795701,-0.614227,1.169343,0.846745,-0.873953
25,1,1,0.610382914227314,TP,0,0,-0.254714,0.171568,1.850701,-1.380499,-0.609495
28,0,0,0.094492718227407,TN,0,0,-0.824056,-1.127956,-0.390331,0.371302,-0.136583
33,0,0,0.0128349104346081,TN,0,0,-0.381286,1.580944,-1.468248,-0.107852,-0.391287
35,0,0,0.328065543289038,TN,0,0,0.573736,1.565716,0.117917,0.169403,-0.440998
38,0,0,0.0282984368417278,TN,0,0,2.401259,-0.425955,-0.291392,0.096177,-0.332696
45,0,0,0.0366989673530185,TN,0,0,0.107902,1.205423,-1.311669,-0.70059,-0.307987
47,1,1,0.854968899102179,TP,0,0,-0.807595,-0.83535,0.032907,0.548498,-0.136583
48,0,0,0.0205741151734356,TN,0,0,0.063828,2.081274,-1.362071,-0.195148,0.696516
49,1,1,0.880280199712091,TP,0,0,-0.532695,-0.670115,0.808365,0.376524,0.767549
50,0,0,0.0799586715367741,TN,0,0,-0.411545,1.199125,1.145646,0.476639,-0.576558
59,1,0,0.411916012694865,FN,0,0,-0.831003,-0.781418,-0.474497,-1.514571,-0.136583
73,0,0,0.214239424986941,TN,0,0,0.043557,0.723634,0.454919,-0.041149,-0.136583
75,0,0,0.0118481784207698,TN,0,0,-0.305798,2.575683,-1.471387,-0.807948,-0.402888
79,0,0,0.0169665365854237,TN,0,0,1.265175,-0.906316,-0.963455,-0.401391,-0.010905
80,0,0,0.0512958964355674,TN,0,0,-0.753362,-0.358972,1.389943,-1.476504,-1.130669
91,0,0,0.0234706961050164,TN,0,0,-0.386628,1.419439,-1.288349,-0.767624,-0.346717
92,1,1,0.989507218572989,TP,0,0,0.060941,-0.349544,0.759739,0.920327,2.189254
93,1,0,0.457172183152631,FN,1,0,-0.814265,-0.958308,-0.474786,-0.899808,1.433597
101,0,0,0.0585889153832823,TN,0,0,0.643327,0.213809,-1.136985,-0.29058,-0.433646
102,0,0,0.0050903599079724,TN,0,0,-0.208894,1.414257,0.397584,-0.921325,-0.136583
105,0,0,0.00349258857859762,TN,0,0,-0.361637,1.971846,-1.364793,-0.170906,-0.412964
109,1,0,0.236060079209215,FN,0,0,-0.739543,-0.896713,-0.270589,0.902223,1.785499
111,1,1,0.71474900171294,TP,0,0,-0.184728,-0.438948,0.851221,-1.034197,0.462539
117,0,0,0.151487684873609,TN,0,0,-0.676116,-0.920422,0.504593,1.554464,1.226415
121,0,0,0.0741763311575749,TN,0,0,-0.422827,1.241119,1.196649,0.382226,-0.645595
134,0,0,0.0181213260329704,TN,0,0,-0.660014,1.456087,-1.398777,-0.064528,-0.374922
145,1,1,0.88038520796138,TP,0,0,0.059106,1.187915,0.958166,0.297796,-0.469915
160,0,0,0.00470118584391758,TN,0,0,-0.637317,0.607719,0.705149,0.132349,-0.555235
161,0,0,0.0672084442599413,TN,0,0,2.716166,-1.843314,-0.49373,0.268127,-0.434315
163,0,0,0.00844343164580573,TN,0,0,-0.054138,2.039832,0.194468,-0.904133,0.217673
164,1,0,0.3866342597405,FN,0,0,-0.841948,-0.969984,-0.144009,2.13075,-1.693309
171,0,1,0.982663054143626,FP,0,1,-0.643204,-0.625454,-0.094549,1.768605,2.452709
172,1,0,0.0772733523463741,FN,0,1,-0.623362,-0.331946,2.138167,-1.487652,-0.818241
176,0,0,0.0406930062203253,TN,0,0,2.674302,-0.807674,-0.572598,-0.593957,-0.211376
177,0,1,0.583899177584367,FP,0,0,-1.042792,-1.683042,-0.360132,-1.090096,-0.136583
183,0,0,0.0614819805275617,TN,0,0,-0.295809,2.45085,-1.481416,0.442151,-0.605544
188,0,0,0.0135772376782758,TN,0,0,0.593021,0.817752,-1.355203,-0.249871,0.309018
195,1,0,0.236925739888567,FN,0,0,-0.830244,-0.57236,-0.473294,0.917904,1.546036
207,0,0,0.0472946763160904,TN,0,0,2.332856,-1.108192,-0.930716,-0.386423,-0.243651
208,1,1,0.954038436350009,TP,0,0,-0.710812,-0.75468,0.127718,1.179814,1.087496
209,0,0,0.181666842345559,TN,0,0,-0.773156,-0.946335,0.311635,2.122225,-1.369983
217,0,0,0.0139792100763365,TN,0,0,0.240838,1.088697,-1.408654,-0.242357,0.300872
220,0,0,0.419721097097108,TN,0,0,-0.804813,-0.969469,-0.276851,2.061537,-0.136583
224,1,1,0.610206145350731,TP,0,0,-0.730576,-0.729828,-0.287784,0.415801,1.981409
239,1,1,0.77472528038464,TP,0,0,-0.523255,-0.13605,1.54587,-1.178357,-1.139839
259,0,0,0.00641512471805851,TN,0,0,-0.127305,2.23634,-1.251515,-0.820675,1.014114
262,0,0,0.257656414543119,TN,0,0,-0.84335,-0.993798,-0.435235,0.182416,-0.136583
263,0,0,0.397409547837039,TN,0,0,0.314808,1.091188,0.381094,0.217242,1.340127
270,1,1,0.942714904169345,TP,0,0,-0.450872,-0.756243,1.313784,-1.356718,0.656671
278,0,0,0.0252166791178821,TN,0,0,1.494386,-1.061397,-0.925608,-0.381904,-0.218037
284,0,0,0.00444279009656214,TN,0,0,-0.70237,0.392974,0.383774,0.147194,-0.136583
285,1,1,0.98936395011506,TP,0,0,-0.183305,-0.466579,0.644139,0.537706,-1.519981
286,0,1,0.592324574610669,FP,0,0,-0.77721,-0.511336,0.497537,2.083382,-0.136583
292,0,0,0.0513873298508311,TN,0,0,2.800069,-0.658572,-0.966708,-0.577747,-0.216652
293,0,0,0.196292799113324,TN,0,0,-0.68491,1.371545,-0.096295,1.7272,-1.082608
298,0,0,0.0482614222638661,TN,0,0,-0.756473,-0.997478,-0.302147,-1.31113,3.20864
306,0,0,0.162693330726025,TN,0,0,0.244995,0.745536,-0.115589,-1.042665,1.869703
307,1,1,0.88653946408807,TP,0,0,-0.776768,-0.86836,0.167773,1.573421,-1.438254
324,0,0,0.00203979421147943,TN,0,0,-0.612558,-0.236419,2.019801,-1.449943,-0.136583
326,1,1,0.833314287383989,TP,0,0,-0.318363,-0.951294,1.393358,0.674449,2.711056
330,1,0,0.476325682508588,FN,1,0,-0.861735,-1.134381,0.127383,-0.916981,-0.864319
332,0,0,0.105592122938221,TN,0,0,2.405964,-1.810562,0.644993,0.13132,-0.511672
335,0,0,0.0162892386509623,TN,0,0,-0.329331,1.910745,0.262782,0.065843,-0.136583
336,1,1,0.693204833526544,TP,0,0,-0.609665,-0.396874,0.389793,0.777947,-0.136583
337,0,0,0.0187008739375979,TN,0,0,-0.813305,-0.794918,0.652362,2.293229,-0.136583
346,0,0,0.0561807283800516,TN,0,0,-0.785588,-1.086053,-0.314435,1.593784,-0.136583
353,1,1,0.938125149296092,TP,0,0,-0.528298,-0.449842,0.146706,1.394256,-0.136583
357,0,0,0.0235708156468521,TN,0,0,1.292157,-0.506779,-0.634214,-0.29549,0.13932
359,0,0,0.0622333516846336,TN,0,0,0.247872,1.442539,-1.356603,-0.149271,0.91741
360,1,0,0.461274702524023,FN,1,0,-0.863489,-1.582094,-0.613889,-0.909957,-0.136583
366,0,0,0.00852524426598198,TN,0,0,0.513904,-0.662019,-0.958142,-0.360426,0.053329
368,0,0,0.0559719776595076,TN,0,0,2.937399,-1.802774,-0.94114,-0.587053,-0.225673
369,0,0,0.0327766351493036,TN,0,0,-0.482332,2.111719,-1.484801,-0.881991,-0.607664
372,0,0,0.0380509717227666,TN,0,0,-0.023376,1.585996,-1.296889,-0.82898,-0.563117
373,0,0,0.040804201500294,TN,0,0,1.342709,1.576173,-1.269996,-0.120446,0.211617
382,0,0,0.00554802019229735,TN,0,0,0.320514,1.282585,-1.200638,-0.271283,-0.323598
383,0,0,0.0307570057665518,TN,0,0,-1.731297,-2.312695,-1.249343,-0.679553,-0.290878
385,1,1,0.766448508281135,TP,0,0,-0.536734,-0.925142,1.353387,0.638266,0.540705
389,0,0,0.0284136274761263,TN,0,0,-0.594961,-0.063881,0.794664,0.21349,-0.692216
394,0,0,0.0495814076049656,TN,0,0,2.734716,-0.857126,-0.980812,-0.28467,-0.246612
395,1,0,0.494929810510171,FN,1,0,-0.64385,-0.917078,1.304383,0.755411,0.90932
401,0,0,0.0126192251121234,TN,0,0,-0.431419,0.89958,0.145228,-0.086655,-0.136583
416,1,1,0.886346339395397,TP,0,0,-0.471265,-0.800623,0.241027,0.885475,-0.136583
421,0,0,0.00926785942484445,TN,0,0,-0.144891,0.780163,-1.11772,-0.661859,-0.258762
425,0,0,0.00110976735907097,TN,0,0,-0.729998,0.393609,1.674092,-1.371444,-0.136583
427,0,0,0.00509753520693219,TN,0,0,-0.513828,0.562458,0.338919,-1.058967,-0.136583
434,0,0,0.00816871186381009,TN,0,0,0.460325,0.537653,-1.088466,-0.636273,0.037225
435,0,0,0.142311338241783,TN,0,0,-0.212816,-0.539598,1.275704,0.424374,0.492359
445,0,0,0.0474534978381925,TN,0,0,0.058962,1.304593,-1.336331,-0.749585,-0.35716
461,0,0,0.0423940667786124,TN,0,0,2.228481,-0.899504,-0.951722,-0.397866,-0.207327
468,0,0,0.00804229331493124,TN,0,0,-0.726636,-0.064104,0.79086,-1.043337,-0.136583
471,0,0,0.0165389120815654,TN,0,0,0.595711,0.199909,-0.110665,1.531514,-0.947453
475,0,0,0.100355919150828,TN,0,0,-0.344507,0.884492,-0.173663,-0.035011,-0.675218
478,0,0,0.024785200885082,TN,0,0,-0.312925,0.789317,-1.347032,-0.760799,-0.358651
481,0,0,0.321723852659577,TN,0,0,-0.813956,-1.033002,-0.379599,0.751312,-0.136583
489,1,1,0.734155210417716,TP,0,0,-0.684282,-0.868143,0.11465,1.956695,-0.136583
490,0,0,0.0654332379631909,TN,0,0,-0.476814,0.969023,0.331485,0.034222,-0.638649
496,0,0,0.054539342259337,TN,0,0,2.815324,-0.866839,0.344538,-0.830425,-0.302607
511,0,0,0.152572729113209,TN,0,0,-0.858683,-1.021885,-0.417464,-1.275212,2.564779
515,0,0,0.0160691651284189,TN,0,0,0.571908,1.414962,-1.1876,-0.685793,-0.315899
516,1,0,0.442661708576614,FN,0,0,-0.839335,-1.086062,-0.216867,0.612655,3.098412
517,1,1,0.969084840800143,TP,0,0,-0.466957,-0.770954,1.493311,0.762128,-1.580625
518,0,0,0.00229429257811433,TN,0,0,-0.656845,-0.212543,2.235841,-1.473598,-0.136583
520,0,1,0.756371973290974,FP,0,0,-0.814527,-1.128805,-0.148378,1.410414,1.485927
526,0,0,0.00072715368961065,TN,0,0,-0.743486,0.616508,1.392223,-1.32984,-0.571468
532,0,0,0.0177404471388354,TN,0,0,0.702717,1.199912,-1.424562,-0.764742,0.06077
548,1,1,0.972142331657067,TP,0,0,-0.704278,-0.068111,-0.057623,1.26934,1.191342
552,0,0,0.0136997411339274,TN,0,0,-0.29492,2.001515,-1.501087,-0.013747,-0.451712
556,1,0,0.0630131947398798,FN,0,1,-0.787265,-1.263343,0.112819,-1.123893,-1.556373
563,0,0,0.291542685888304,TN,0,0,-0.816974,-1.154712,-0.227571,1.245311,1.765138
566,0,0,0.0476240192681302,TN,0,0,-0.595098,-0.154298,2.247003,-1.484628,-0.791055
570,0,0,8.29467716051531e-05,TN,0,0,-0.46276,0.724574,0.871244,-1.079751,0.335708
574,0,0,0.000955549359048407,TN,0,0,-0.569922,0.331287,1.318711,-1.177513,-0.136583
577,0,0,0.171956056196494,TN,0,0,1.510677,1.033072,-0.238969,0.215279,0.324021
580,0,0,0.146511795039613,TN,0,0,-0.798119,-1.086975,-0.363615,0.992439,-0.136583
584,0,1,0.756606535092326,FP,0,0,-0.833215,-0.940148,0.238756,-0.500597,-0.136583
589,1,1,0.729142746056978,TP,0,0,0.412859,0.652734,0.834894,0.429379,-0.498795
597,1,1,0.762217274141694,TP,0,0,-0.598837,-0.210216,0.086908,2.317459,-1.301362
601,0,0,0.14462308846226,TN,0,0,-0.297687,2.685053,-1.59061,0.071954,0.703792
605,1,1,0.927380554740391,TP,0,0,-0.662069,-0.61494,0.19346,2.36779,-0.136583
612,1,1,0.683539495654751,TP,0,0,0.037111,0.90012,0.149919,0.157191,0.964844
613,1,0,0.279485464547419,FN,0,0,-0.2577,-0.383873,1.536826,1.743044,-0.988697
617,0,0,0.0444875141820361,TN,0,0,-0.128641,1.131056,-1.415155,-0.736861,-0.136583
638,0,1,0.624218895626666,FP,0,0,-0.782905,-0.478642,0.793832,2.745151,-1.86615
639,1,1,0.649584987221355,TP,0,0,-0.334328,-0.233164,0.178604,2.555793,-1.366125
644,0,0,0.196642603294342,TN,0,0,0.78768,1.21796,-0.185302,-0.217726,0.096517
648,0,0,0.000832303127909384,TN,0,0,-0.663296,-0.226149,1.718806,-1.493653,-0.136583
652,0,0,0.0146260214570903,TN,0,0,-0.262952,1.102574,0.679409,-0.941103,-0.399275
659,0,0,0.0587677763077628,TN,0,0,-0.78966,-0.21071,0.586588,-0.928515,-0.425591
666,0,0,0.257486908902908,TN,0,0,-0.82617,-1.031679,-0.117513,-0.830359,-0.96625
676,1,0,0.0581601866311947,FN,0,1,0.204667,0.689793,0.036965,1.419993,-0.939335
687,1,1,0.653820341358549,TP,0,0,-0.62145,-0.55552,0.203685,-1.001893,-0.136583
699,0,0,0.0668445473432504,TN,0,0,2.873677,-0.673995,-0.526716,0.592555,-0.485663
702,0,0,0.176502124593213,TN,0,0,-0.350542,1.661549,0.786765,0.366686,-0.603921
722,0,0,0.00232194370421823,TN,0,0,-0.788481,-0.243869,1.292043,-1.208478,-0.136583
725,0,0,0.0561573351394172,TN,0,0,-0.869975,-0.168292,-1.130829,0.283424,-0.559158
726,1,1,0.626083136878578,TP,0,0,-0.830459,-0.733114,-0.553696,0.068732,1.5027
733,1,0,0.167737227557577,FN,0,0,-0.767254,-1.040226,-0.535961,0.103939,-0.136583
734,1,0,0.397508060119254,FN,0,0,-0.82784,-0.994565,-0.268217,0.867322,-0.136583
747,1,0,0.131066776874001,FN,0,0,-0.488513,-0.703257,2.378488,-1.368135,0.665911
765,0,0,0.491001363597372,TN,1,0,-0.731151,-1.014819,-0.131013,0.182038,-0.136583
777,1,1,0.93881840902742,TP,0,0,0.185113,-0.519899,1.25566,-1.243143,1.58085
780,0,0,0.0198117186308095,TN,0,0,0.931625,0.341967,-1.128638,-0.625738,-0.136583
782,1,1,0.783965646224109,TP,0,0,-0.826365,-0.955836,0.123714,0.591718,-0.136583
787,0,0,0.00450237200977913,TN,0,0,-0.116079,1.608568,-1.352306,-0.18323,-0.54178
794,0,1,0.750568290375348,FP,0,0,-0.45554,-0.543864,0.580958,1.72489,-1.193087
800,0,0,0.280263150704613,TN,0,0,-0.188475,-0.903489,0.050837,2.020258,-1.111759
801,0,1,0.646541857627647,FP,0,0,-0.343347,1.056467,1.269524,0.372293,0.99765
805,0,0,0.0160214392751563,TN,0,0,1.319931,-0.893173,-0.623041,-0.310711,-0.395126
811,0,0,0.050701968704829,TN,0,0,2.997407,-1.035689,-0.945796,-0.597086,-0.232597
822,0,0,0.0278770915160314,TN,0,0,0.972977,0.303862,-0.091863,0.398646,1.299034
825,1,1,0.965386302174558,TP,0,0,-0.350037,-0.950183,0.616206,1.153073,3.364768
829,1,1,0.560813406298512,TP,0,0,-0.589772,-0.212038,0.317146,1.102768,-0.136583
835,0,0,0.000876062106992495,TN,0,0,-1.120972,-0.052131,0.981171,-1.16571,-0.509113
843,0,0,0.027166584338978,TN,0,0,-0.400665,1.973267,-1.558019,-0.811407,-0.395013
850,0,0,0.426280961918445,TN,0,0,-0.588127,1.063987,0.865074,0.748272,1.667209
853,0,0,0.00229103647080686,TN,0,0,-0.684332,-0.14384,1.867115,-1.3021,-0.136583
854,1,1,0.669556583714119,TP,0,0,0.164971,0.156645,0.487056,0.097531,2.082448
856,0,0,0.328430688450885,TN,0,0,-0.551204,-0.37192,1.024265,0.626072,0.822049
863,0,0,0.0357476269526882,TN,0,0,2.137114,-0.116251,-0.398589,-0.006339,0.241288
866,0,0,0.0442424078692409,TN,0,0,3.170709,-0.818827,-0.379553,-0.621283,-0.232345
869,1,0,0.227574357240822,FN,0,0,-0.378035,1.303571,0.311451,0.442964,-0.641547
872,0,0,0.0646298699269915,TN,0,0,-0.624141,-0.204142,2.091206,-1.446103,-0.839929
876,0,0,0.0205785148965266,TN,0,0,1.052664,1.068135,-1.23325,-0.852923,1.119301
878,0,0,0.00495397207807059,TN,0,0,-0.199746,2.295114,-1.348029,-0.780895,-0.390759
879,0,0,0.3588626442869,TN,0,0,-0.81938,-0.740861,-0.261518,0.401949,1.13271
886,0,0,0.0354669911936173,TN,0,0,2.652479,-0.803597,-0.580393,-0.155533,-0.271781
892,0,0,0.0556617915670294,TN,0,0,2.488691,-1.056133,0.724956,-0.834565,-0.359172
896,1,1,0.96559946444846,TP,0,0,0.084536,0.109304,0.966767,0.579986,1.347361
901,0,0,0.0101588975396912,TN,0,0,0.480972,-0.218089,-1.056342,-0.600976,-0.234401
906,0,0,0.0540915441437288,TN,0,0,2.517186,-0.854898,-0.970972,-0.617612,-0.238006
910,0,0,0.255308564471705,TN,0,0,-0.549199,-0.907347,1.225555,1.129496,1.067434
922,0,0,0.0143305725842595,TN,0,0,-0.377386,1.108837,-1.23704,-0.696149,-0.289665
925,0,0,0.00987473005696304,TN,0,0,0.760559,-0.623638,-0.966318,-0.359562,0.073509
930,1,0,0.477929323601408,FN,1,0,-0.670495,-0.8973,-0.33503,1.091632,1.716339
931,0,0,0.0567877552626411,TN,0,0,-0.611381,-0.947292,1.06228,0.687542,1.841039
933,0,0,0.0357129079662694,TN,0,0,-0.821849,-1.12297,-0.288594,2.126268,-1.733021
935,0,0,0.0129582624851301,TN,0,0,-0.72796,0.003882,1.03252,0.446516,-0.136583
940,0,0,0.0608089921231741,TN,0,0,1.973151,-1.068695,0.086328,1.333016,-0.78117
942,0,0,0.00465415350090902,TN,0,0,-0.707805,0.377887,0.362962,0.124305,-0.136583
947,0,0,0.0510901040056682,TN,0,0,-0.873905,-1.163425,-0.462507,0.668841,2.591967
960,0,0,0.0193178611734696,TN,0,0,0.932638,1.62241,-1.320461,0.264075,-0.506255
963,1,1,0.529780123409984,TP,1,0,0.063716,1.634348,0.530408,0.231968,-0.469248
965,0,0,0.0471906746480786,TN,0,0,-1.15665,0.43511,0.740613,0.313525,0.536298
978,0,0,0.0176763269608417,TN,0,0,-0.646805,-0.229169,1.423949,-1.287858,-0.666317
981,0,0,0.0371365439082182,TN,0,0,0.999586,0.008606,-0.262725,-0.006454,-0.495152
996,1,1,0.737323599457147,TP,0,0,-0.580068,-0.687202,-0.021548,2.326109,3.489033
997,0,0,0.00202903914996758,TN,0,0,0.004623,1.79872,-1.27382,-0.124975,-0.528104
999,0,0,0.0441148667575198,TN,0,0,1.889189,-0.198161,-1.113474,-0.244192,0.180253
1006,1,1,0.956062449551768,TP,0,0,-0.534785,-0.669536,1.372254,1.299358,2.690226
1008,0,0,0.00407433208252512,TN,0,0,-0.631184,-0.211556,2.153231,-1.364456,-0.136583
1012,0,0,0.0566963300979138,TN,0,0,-0.551584,1.526729,-1.558227,-1.124843,2.227092
1015,0,1,0.796076365513341,FP,0,0,-1.058564,-0.822349,0.452683,2.421008,-1.873837
1016,0,0,0.0752394600072761,TN,0,0,-0.472713,0.663591,0.362714,0.04476,-0.591618
1020,1,1,0.95583697558308,TP,0,0,0.443987,0.22328,1.125655,-1.153455,-0.467995
1031,0,0,0.0685301682373007,TN,0,0,-0.783546,-0.760505,0.637332,2.012701,-1.250137
1034,0,0,0.302865930421763,TN,0,0,0.619816,1.43556,0.301942,0.216894,-0.455353
1038,0,0,0.00217747541416822,TN,0,0,-0.508272,1.404845,0.160571,-1.216536,-0.136583
1042,0,0,0.162381248835938,TN,0,0,-0.273113,1.897503,-1.713163,0.153416,-0.493583
1044,0,1,0.879913275085126,FP,0,0,-0.74565,-0.762621,-0.053728,1.827372,-1.473612
1045,1,1,0.539398014546556,TP,1,0,-0.845478,-0.958637,-0.013767,2.63815,-0.136583
1049,1,1,0.666347927022613,TP,0,0,-0.487713,0.00125,1.12813,0.637444,1.25167
1051,0,0,0.0542671695526252,TN,0,0,2.590364,-1.851106,-0.664349,-0.590408,-0.227808
1055,0,0,0.0833500495566382,TN,0,0,-0.631558,0.409707,0.318626,0.047181,0.41964
1057,0,0,0.072223864592839,TN,0,0,-0.662786,-0.272116,2.020006,-1.57863,0.925382
1067,0,0,0.281276079284283,TN,0,0,-0.188074,-0.903336,0.050613,2.019932,-1.111509
1068,0,1,0.867134952685123,FP,0,0,-0.669623,-0.66594,0.201745,1.475408,-0.136583
1077,0,0,0.0411838859084241,TN,0,0,1.416678,0.077978,-0.272064,-0.031755,-0.37093
1078,1,1,0.818044431291445,TP,0,0,-1.034458,-0.880393,0.050815,1.309891,-1.129971
1080,1,1,0.978146343192326,TP,0,0,-0.718133,-0.618257,0.135733,-0.069502,2.063251
1085,0,0,0.0261705321289883,TN,0,0,0.270125,1.750004,-1.280137,-0.122353,0.938009
1096,0,0,0.0476740477490858,TN,0,0,3.0026,-1.813596,-0.629035,-0.357141,-0.2395
1098,0,1,0.566435102708814,FP,0,0,-0.834755,-0.816692,-0.200269,-1.711944,-0.136583
1100,0,0,0.0967435983598119,TN,0,0,1.445942,0.778859,-1.142872,-0.282519,0.061048
1106,0,1,0.850281424028662,FP,0,0,-0.820575,-0.82809,0.534709,0.710312,-0.136583
1107,0,1,0.505325186425631,FP,1,0,-0.80826,-0.955123,-0.349451,0.9141,-0.136583
1117,0,0,0.0575079927699171,TN,0,0,3.235945,-1.85441,-0.981183,-0.40316,-0.229928
1123,0,0,0.103620826342674,TN,0,0,-0.589461,-0.47521,1.49357,-1.32771,-0.685722
1131,0,0,0.0142068267448134,TN,0,0,0.221449,1.430543,-1.264106,0.034341,1.635539
1134,0,0,0.0210083703607706,TN,0,0,1.416375,-0.031674,-1.04719,-0.371426,-0.246768
1135,0,0,0.0176726778049554,TN,0,0,1.584822,0.018487,-0.330215,0.035605,-0.543065
1138,0,0,0.0509007856192191,TN,0,0,-0.814771,-0.728361,-0.25249,0.188103,3.790847
1142,1,0,0.171294035039075,FN,0,0,-1.041685,-1.078025,-0.187047,0.787927,-0.136583
1144,0,0,0.0126631860485692,TN,0,0,-0.427491,1.136861,-1.210119,-0.702598,-0.303139
1151,0,0,0.0492777222900145,TN,0,0,-0.758826,-1.007148,-0.321627,-1.262724,3.002463
1153,0,0,0.015197625798416,TN,0,0,-0.673849,0.695539,-0.114647,-0.141563,-0.328464
1154,0,0,0.0340553124655273,TN,0,0,0.171214,1.203742,-0.159227,1.327806,-0.886135
1163,0,0,0.0583498069189063,TN,0,0,1.210152,1.045868,-1.159572,-0.162124,1.146078
1167,0,1,0.679715841854452,FP,0,0,0.148982,1.782187,-0.020932,0.570343,-0.525868
1169,0,1,0.70791425799079,FP,0,0,-0.255269,0.625638,0.502929,0.733755,1.845104
1170,0,0,0.00827790331945126,TN,0,0,0.330994,-0.552226,-0.959127,-0.406105,-0.23823
1173,0,0,0.0230469229156446,TN,0,0,-0.788876,-0.806349,0.798392,1.625183,-0.136583
1175,0,0,0.0115448169646864,TN,0,0,-0.473394,1.59891,-0.03729,0.197446,-0.136583
1178,0,0,0.0448084886689395,TN,0,0,2.588221,-0.924435,-0.957056,-0.384284,-0.009482
1191,1,1,0.617810525933295,TP,0,0,-0.805781,-0.983719,0.191357,1.953142,-1.518075
1193,0,0,0.0997151114312069,TN,0,0,-0.553105,-0.161794,1.770123,0.978692,-0.849602
1197,1,1,0.701394945055867,TP,0,0,-0.547862,-0.211579,0.669738,0.891627,1.058352
1205,1,0,0.277085558200187,FN,0,0,0.224127,1.782998,0.311365,0.094683,-0.428909
1211,0,0,0.0317143029675896,TN,0,0,-0.376881,1.975747,-1.583644,0.001433,-0.414258
1213,1,1,0.95938014542672,TP,0,0,-0.491888,-0.225491,1.098122,1.166218,1.765989
1229,0,0,0.0572435885514342,TN,0,0,2.608111,-1.847595,-0.938287,-0.402705,-0.224582
1231,0,0,0.0200884033768133,TN,0,0,1.970798,-0.122396,-1.087029,-0.609316,-0.136583
1233,0,0,0.0468169229246538,TN,0,0,3.074148,-0.917316,-0.971787,-0.364714,-0.007413
1234,0,0,0.00330765254430646,TN,0,0,-0.223756,2.503279,-1.339101,-0.816039,0.510378
1240,1,0,0.194498023070741,FN,0,0,-0.360799,0.758202,0.435512,-0.888687,-0.610195
1247,0,0,0.0276124748987979,TN,0,0,-0.529819,1.089144,-1.404216,-0.230338,0.122925
1250,0,0,0.00129210898903293,TN,0,0,-0.654904,0.021707,1.188826,-1.260461,-0.136583
1256,0,0,0.0257091458176956,TN,0,0,1.871,-0.358331,-0.972648,-0.355095,0.007743
1257,0,0,0.021272309836511,TN,0,0,-0.517015,0.950399,-0.16483,-0.110573,-0.360951
1262,0,0,0.0256245733809794,TN,0,0,0.996675,0.593842,0.64951,-0.799335,-0.34047
1269,0,0,0.0532915946045355,TN,0,0,-0.784388,-1.027979,-0.295851,2.185625,-1.585675
1273,0,0,0.00569073224599328,TN,0,0,-0.740712,0.111384,1.962703,-1.447269,-0.700016
1282,1,1,0.687311911580996,TP,0,0,-0.210053,-0.754578,0.873708,0.293648,0.719158
1288,0,0,0.0399951819240309,TN,0,0,2.261274,-0.702203,-0.988885,-0.394903,-0.19901
1290,0,0,0.0543289171701026,TN,0,0,2.598352,-1.006865,0.531273,-0.875219,-0.335964
1291,0,0,0.0245724305362112,TN,0,0,0.97597,1.179502,-1.230206,-0.216779,0.14335
1302,0,1,0.651341737624418,FP,0,0,0.05409,-0.109871,0.567775,-0.996606,-0.517997
1309,0,0,0.0051824580118975,TN,0,0,0.017759,1.759851,-1.201327,-0.704939,-0.345666
1311,1,1,0.965655273986871,TP,0,0,0.084302,0.109386,0.967091,0.580182,1.347316
1315,0,0,0.00653212174785879,TN,0,0,0.500151,2.04754,-1.290786,-0.715742,-0.359568
1319,0,0,0.006484153424594,TN,0,0,-0.672398,0.472429,0.364896,0.00158,-0.421928
1321,1,1,0.980980017740191,TP,0,0,-0.334105,-0.969573,0.488028,1.310594,3.298196
1330,0,0,0.00870623099538231,TN,0,0,1.225244,-0.553395,-0.65343,-0.333326,-0.412078
1332,0,0,0.382501730774655,TN,0,0,-0.806377,-0.522366,0.570109,1.623902,-0.136583
1333,0,0,0.00886597573208746,TN,0,0,0.608974,-0.047501,-1.116786,-0.623412,0.012766
1336,1,0,0.103000422275298,FN,0,0,0.193601,1.627956,0.044025,-0.005793,-0.434244
1339,0,1,0.670417001501412,FP,0,0,-0.233437,-0.2849,1.527058,-1.004575,0.789206
1341,1,1,0.856209457120611,TP,0,0,-0.198629,-0.592733,1.255789,1.087263,-1.053591
1342,1,0,0.407345381179982,FN,0,0,-0.752108,-1.06857,-0.152577,1.48146,-2.073083
1345,0,0,0.035805877194646,TN,0,0,1.145103,-0.018067,-1.075813,-0.324118,0.030194
1346,0,0,0.0431552133094902,TN,0,0,-0.576344,1.547679,-1.357429,0.181625,-0.454406
1350,0,0,0.0133261099024609,TN,0,0,-0.281671,2.651177,-1.534973,-0.082018,-0.421143
1359,0,0,0.0494504582400507,TN,0,0,-0.548259,0.100057,2.067022,-1.37678,-0.694966
1361,0,0,0.00946134774351292,TN,0,0,-0.45261,2.421733,-1.452235,-0.801753,-0.398778
1363,0,0,0.141969787675676,TN,0,0,-0.636204,-0.378024,1.462417,0.83522,-1.003292
1367,0,1,0.944492434270953,FP,0,1,0.474415,0.021049,1.751299,-1.134488,-0.470054
1382,1,0,0.393956459195678,FN,0,0,0.203222,-0.06737,1.332154,0.463729,0.606334
1394,0,0,0.303326963988943,TN,0,0,-0.651914,-0.794403,-0.176571,-0.956894,2.549526
1400,1,1,0.763991427591279,TP,0,0,-0.702419,-1.084268,-0.121495,1.550748,1.653224
1406,0,0,0.0186570266116648,TN,0,0,-0.052448,-0.346691,-1.102959,-0.654478,-0.136583
1407,0,0,0.00533385433712007,TN,0,0,-0.065447,0.491041,-1.238128,-0.676529,0.047073
1414,0,0,0.121891246810756,TN,0,0,-0.70316,-0.073539,0.160344,0.906215,-0.953872
1415,1,1,0.955298570683974,TP,0,0,-0.6418,-0.823401,-0.381017,1.278316,1.094332
1418,0,0,0.000941756598421513,TN,0,0,0.206526,0.028722,-0.485679,-0.635624,-0.001082
1423,0,0,0.0183313990712428,TN,0,0,-0.273406,1.222566,-0.193555,-0.068869,-0.386547
1424,0,0,0.0571756646280126,TN,0,0,-0.86469,-0.982252,0.403646,1.837604,-0.136583
1426,1,1,0.854090547658246,TP,0,0,-0.767287,-0.775198,0.808365,0.62023,-0.939742
1430,0,0,0.0891913402647988,TN,0,0,1.296349,-0.435905,-1.176837,0.050706,-0.707611
1435,0,0,0.0307793769209163,TN,0,0,1.780599,-1.147295,-0.671986,-0.29518,-0.249129
1441,0,0,0.00192768320421108,TN,0,0,-0.52079,0.669959,0.430271,-1.053173,-0.136583
1446,0,0,0.375064924753878,TN,0,0,-0.674095,-0.276604,0.628233,-1.199776,-1.063432
1448,0,1,0.832589399504439,FP,0,0,-0.628988,-0.783497,-0.037786,1.050566,-0.136583
1451,0,0,0.152109881243866,TN,0,0,-0.141622,0.289303,0.258935,-1.038801,2.674244
1458,0,0,0.0147010295575638,TN,0,0,-0.642301,0.059401,1.168922,0.429102,-0.730116
1461,0,0,0.0614643367959138,TN,0,0,-0.67629,-0.946173,0.8905,1.231325,1.065582
1462,0,0,0.0215637755520022,TN,0,0,-0.365106,1.656908,-1.377639,-0.872801,-0.136583
1466,0,1,0.619152660106575,FP,0,0,-0.568108,-0.786027,1.927693,0.546036,0.517124
1467,0,0,0.0661574608972828,TN,0,0,2.528389,-1.115991,-0.992113,-0.715078,-0.361898
1478,1,1,0.936898089896905,TP,0,0,-0.805255,-0.61956,-0.441742,1.051043,-0.136583
1480,0,0,0.0150739420434295,TN,0,0,1.392223,-0.838844,-0.942093,-0.576347,-0.2024
1488,1,1,0.871023330605856,TP,0,0,-0.788899,-0.291374,-0.152548,1.121198,-0.136583
1490,0,0,0.00336715603477918,TN,0,0,-0.081632,0.290584,-1.172799,-0.64435,1.1e-05
1495,1,1,0.998102718839929,TP,0,0,0.004047,-0.253903,1.22804,0.914087,2.252438
1504,0,0,0.0883272145852015,TN,0,0,-0.629301,-0.387638,1.522454,0.8997,-0.936368
1506,0,0,0.030535377343099,TN,0,0,0.556304,0.251339,-1.107612,-0.095819,-0.136583
1507,1,1,0.962805030948892,TP,0,0,-0.799325,-0.884211,0.277791,0.554208,-0.965859
1511,0,0,0.0568336890089973,TN,0,0,3.210197,-1.854089,-0.960251,-0.381057,-0.249882
1513,0,0,0.0205172769312735,TN,0,0,-0.443326,1.416936,-1.244778,-0.753603,-0.472773
1532,0,1,0.788171423199167,FP,0,0,-0.878455,-1.150817,-0.359248,1.379279,-1.218569
1534,0,0,0.0116045483539953,TN,0,0,-0.660051,0.936228,0.031915,-0.173966,0.155116
1539,1,1,0.972169767416147,TP,0,0,-1.09157,-0.895082,0.03823,1.687842,-1.483971
1551,0,0,0.0213787905700151,TN,0,0,1.450496,-0.869262,-0.950791,-0.324418,-0.268714
1557,0,0,0.0194886428216852,TN,0,0,1.047692,0.430775,-1.112066,-0.611246,-0.136583
1558,1,1,0.902500587429774,TP,0,0,-0.617599,-0.235138,1.256611,-1.59759,2.36833
1563,1,1,0.858628023217273,TP,0,0,-0.562481,-0.526775,0.034262,0.715259,1.46345
1568,0,0,0.019978151533813,TN,0,0,1.52981,0.252232,-1.035854,-0.592834,0.019416
1573,0,0,0.00223601958798277,TN,0,0,-0.528466,0.408708,0.63624,-1.080915,-0.136583
1580,0,0,0.0171672642959933,TN,0,0,0.093409,0.757932,-1.270042,-0.03992,1.930247
1584,1,1,0.98591711903163,TP,0,0,-0.551285,-0.861007,0.761911,0.999081,3.122021
1585,0,0,0.0392835348537981,TN,0,0,1.982222,-1.005924,-0.942457,-0.375265,-0.254898
1587,1,1,0.881333446737954,TP,0,0,-0.553211,-0.030616,1.645683,0.68253,1.77478
1589,1,0,0.205157985751547,FN,0,0,0.405674,1.206492,0.029699,-0.162555,-0.369118
1592,1,0,0.249562980891263,FN,0,0,-0.442975,-0.426392,1.263829,0.465257,-0.136583
1601,1,1,0.980661740688529,TP,0,0,-0.552271,0.002554,1.030457,1.146721,-1.372862
1609,0,0,0.0292896823885978,TN,0,0,0.935701,0.089329,-1.044897,-0.336966,0.124982
1610,1,1,0.966132208953038,TP,0,0,-0.461425,-0.766084,1.09045,0.745895,2.950398
1617,0,0,0.00950076147402897,TN,0,0,0.860928,-0.846136,-0.920552,-0.400435,-0.029326
1619,1,0,0.119521964991282,FN,0,0,1.419589,1.1482,-1.314792,-0.666685,-0.280254
1624,0,0,0.0417458127551936,TN,0,0,-0.257716,1.328376,0.034524,-0.117717,0.193393
1630,0,0,0.00673560561965778,TN,0,0,-0.700392,-0.219945,1.272819,-1.258192,-0.53
1633,0,0,0.0411014594543215,TN,0,0,2.721243,-0.848671,-0.606082,-0.582684,-0.206741
1638,0,0,0.150014725854475,TN,0,0,-0.301555,-2.853305,0.971522,-1.252668,-0.684231
1658,0,0,0.0449215187181853,TN,0,0,1.020745,0.714245,-1.118402,-0.325665,0.137831
1661,0,0,0.0397782260282531,TN,0,0,-0.18878,1.032497,-0.157656,-0.133588,-0.39552
1668,0,0,0.00681670034162795,TN,0,0,-0.343317,1.083222,-1.372604,-0.087599,-0.136583
1679,0,0,0.0561953409731015,TN,0,0,0.104496,1.177211,-1.343567,-0.745584,-0.325916
1681,0,0,0.0154671753873771,TN,0,0,1.468534,-0.648364,-0.946418,-0.58529,-0.02743
1682,0,1,0.681391998528773,FP,0,0,-0.658709,-1.00221,-0.320675,1.468215,2.769601
1684,0,0,0.0357138651887387,TN,0,0,-0.768917,-0.012756,0.400296,-0.943642,-0.136583
1685,0,0,0.14712692893316,TN,0,0,-0.797163,-1.0965,-0.309322,-1.490247,2.640489
1686,0,0,0.0546729281345125,TN,0,0,2.736917,-0.995548,-0.985947,-0.592341,-0.215427
1689,1,1,0.727196024556526,TP,0,0,-0.682576,-0.841543,-0.154199,1.151429,-0.136583
1703,1,1,0.618761224772069,TP,0,0,-0.420838,-0.151959,-0.314899,-1.180491,2.070322
1704,0,0,0.254836065599552,TN,0,0,-1.075166,-0.832023,0.635073,1.937763,-1.58935
1708,1,1,0.848029229411232,TP,0,0,-0.344232,-0.298072,0.779838,0.619696,-0.746837
1716,0,0,0.0528903026746609,TN,0,0,-0.271399,1.246419,1.436937,-1.238041,-0.680045
1721,1,1,0.832239314559697,TP,0,0,-0.70409,-0.837453,-0.378159,1.23872,-1.356719
1725,0,1,0.843667167147121,FP,0,0,-0.796021,-0.792967,-0.025999,2.456337,-0.136583
1731,0,1,0.621482316305137,FP,0,0,-1.232858,-2.002776,-1.314272,0.678627,1.700755
1736,1,1,0.987375170808278,TP,0,0,0.153092,-0.827117,0.590553,1.358966,2.46176
1739,0,0,0.000110490859903817,TN,0,0,-0.628369,0.729145,1.179339,-1.250623,-0.136583
1740,1,0,0.280679396724562,FN,0,0,-0.543648,-0.164203,0.949943,-1.296629,-0.699653
1747,0,0,0.242072587728902,TN,0,0,-0.882808,-1.215347,-0.684934,-0.759906,-0.136583
1751,0,0,0.00661378923462218,TN,0,0,-0.676491,0.305554,-0.131776,-0.162117,0.156598
1753,0,0,0.0578617495997511,TN,0,0,-0.197269,1.93139,-1.650455,-0.877977,-0.401566
1754,0,0,0.0169969052252082,TN,0,0,-0.504018,1.297485,-1.3922,0.082238,-0.436636
1761,0,0,0.0172324006281837,TN,0,0,-0.577926,0.588766,0.680155,-1.010511,-0.554554
1762,1,1,0.645389432262893,TP,0,0,-0.726738,-0.958037,-0.01063,0.315085,1.180899
1777,0,0,0.146916618232362,TN,0,0,-0.782794,-0.989637,-0.27008,-1.417294,-0.136583
1789,0,0,0.240520526923143,TN,0,0,-0.008724,0.986295,0.074704,1.244306,-0.889208
1795,1,1,0.767756449610547,TP,0,0,0.914472,-0.314894,0.919373,0.58982,1.191834
1798,0,0,0.0433842523153193,TN,0,0,-0.417897,0.795063,0.464126,0.261952,-0.505647
1805,1,0,0.430543950688583,FN,0,0,-0.838959,-1.035281,0.001733,0.367648,0.735485
1810,0,0,0.0161758948765656,TN,0,0,-0.439528,1.537833,0.093368,0.088667,-0.614218
1811,1,0,0.285569853998645,FN,0,0,-0.661236,0.01092,-0.027737,0.583477,-0.136583
1814,0,0,0.0118126747360871,TN,0,0,0.181036,-0.22065,-1.035606,-0.599172,-0.237737
1823,0,0,0.0220103535039206,TN,0,0,-0.397409,1.005424,-1.320795,-0.739838,-0.338012
1825,0,0,0.13218325601104,TN,0,0,-0.548882,-0.40016,1.718547,0.800833,0.594564
1827,0,1,0.842803568046382,FP,0,0,-0.626581,-0.801951,-0.147436,-0.934619,1.583077
1832,0,0,0.0226190138959053,TN,0,0,-0.529385,0.724903,2.003473,-1.270643,-0.600998
1833,0,0,0.0773306793630668,TN,0,0,-0.490887,-0.342555,1.920561,-1.492246,-0.714711
1834,1,1,0.963462731749776,TP,0,0,-0.319752,1.450917,0.414052,0.966753,-0.752783
1835,0,0,0.0812196793195762,TN,0,0,-0.246259,1.488576,0.921945,-1.087345,-0.493408
1836,1,1,0.954767629155802,TP,0,0,-0.34861,-1.032725,-0.248408,1.557012,1.595996
1857,0,0,0.0663655096545593,TN,0,0,0.648975,0.251045,-1.139783,-0.199758,-0.434824
1870,0,0,0.0589028217066231,TN,0,0,-0.48674,0.617566,0.488785,0.073845,-0.629793
1875,0,0,0.201946936263083,TN,0,0,-0.794683,-1.164486,-0.383194,0.750402,2.88023
1885,0,0,0.0182284413746476,TN,0,0,-1.056754,0.087566,-1.139063,0.436453,-0.598977
1887,0,0,0.0486369306561746,TN,0,0,-0.354559,1.195635,-1.419858,-0.738447,0.092904
1888,0,0,0.0139990477428539,TN,0,0,-0.369767,0.793911,-1.248117,-0.765277,-0.309813
1892,0,0,0.191143599369357,TN,0,0,-0.702306,-1.049687,-0.425477,0.731528,2.407384
1894,1,1,0.947134382974298,TP,0,0,-0.815011,-0.533855,-0.423513,1.10396,-0.136583
1895,0,1,0.840610390233932,FP,0,0,-0.812567,-0.690211,0.201728,2.246715,-0.136583
1896,1,0,0.107966925541375,FN,0,0,-0.858544,-1.076208,-0.362461,-1.53365,3.534445
1897,1,1,0.780710608609969,TP,0,0,-0.143223,-0.552985,1.013275,2.21833,-0.136583
1908,0,0,0.0630687703821776,TN,0,0,-0.024361,2.206377,-1.478142,0.18392,0.296701
1909,1,1,0.789614115024809,TP,0,0,0.16573,0.492803,0.779546,0.669068,1.124241
1920,0,0,0.378610861611542,TN,0,0,-0.483,-0.077452,1.170251,0.761224,-0.136583
1921,1,1,0.790652095391626,TP,0,0,-0.608212,-0.838294,-0.449365,1.113451,1.339172
1930,0,0,0.144203561615051,TN,0,0,-0.556145,-0.548241,1.829371,-1.736601,-0.933579
1933,0,0,0.034592234436153,TN,0,0,1.996057,-1.165219,-0.682247,-0.299789,-0.248454
1949,0,0,0.241239282251977,TN,0,0,-0.685055,-0.319118,-0.245417,0.048451,-0.136583
1962,1,0,0.158548653061181,FN,0,0,-0.565832,0.760694,0.466762,0.395333,2.256816
1964,0,0,0.188433031153111,TN,0,0,-0.508254,-0.299082,1.591611,0.724708,0.8092
1965,0,0,0.02239185710037,TN,0,0,1.509734,-0.984385,-0.660479,-0.348086,-0.395588
1974,0,0,0.0327532443945439,TN,0,0,2.501721,-0.400268,0.03843,-0.166186,-0.336678
1981,0,0,0.161799645384959,TN,0,0,-0.875496,-1.143025,-0.363334,-1.07007,-0.136583
1984,0,0,0.0150074864515601,TN,0,0,-0.404056,2.509048,-1.386155,0.283859,-0.482736
1986,1,1,0.813111856639406,TP,0,0,-0.601655,-0.796768,1.369002,0.908463,2.309472
1987,1,0,0.416899857292178,FN,0,0,-0.556026,-0.042214,0.938759,1.113225,-0.136583
1993,0,0,0.333450646972077,TN,0,0,0.075139,-0.841466,0.551555,2.27264,1.06372
1994,0,0,0.0180398591650447,TN,0,0,-0.453118,1.561309,0.643923,-0.967547,-0.4752
1995,0,0,0.0540353968158068,TN,0,0,2.815149,-0.784639,-0.986385,-0.587591,-0.235719
1997,0,0,0.0027017169379129,TN,0,0,-1.12101,0.039285,1.988453,-1.538101,-0.960649
2004,1,0,0.395753033641501,FN,0,0,-0.598446,-0.069098,0.988249,1.239272,-0.136583
2009,0,0,0.00272603120674363,TN,0,0,-0.719961,0.129314,0.672115,0.135537,-0.444233
2016,0,0,0.0265858037746374,TN,0,0,-0.370987,1.161336,-1.332035,-0.721979,-0.308082
2031,0,0,0.0202551576118852,TN,0,0,0.497391,1.34351,-1.376364,-0.726475,-0.136583
2036,1,0,0.194445801840996,FN,0,0,-0.360683,0.758637,0.435545,-0.888763,-0.610287
2049,0,0,0.107482661576346,TN,0,0,-0.330912,1.067136,-0.068016,0.018553,-0.769489
2062,0,0,0.00704070160379322,TN,0,0,-0.60951,0.906923,0.748242,0.424911,-0.687225
2067,0,0,0.0135036045843295,TN,0,0,0.044789,1.734882,-1.313098,-0.73499,-0.482034
2070,0,0,0.0284881204450425,TN,0,0,-0.639639,0.067356,1.200604,-1.408566,-0.804025
2080,0,0,0.00182230750856947,TN,0,0,0.742241,1.757489,-1.275853,-0.112796,0.554598
2083,0,0,0.0301327797973528,TN,0,0,2.116874,-0.913323,-0.632608,-0.333514,-0.223285
2086,0,0,0.0193473889519015,TN,0,0,-0.299741,2.093154,-1.518684,-0.833384,-0.462863
2089,0,0,0.0091153190067,TN,0,0,0.015712,1.763105,-1.314913,-0.730985,-0.36298
2090,0,0,0.0148441681307706,TN,0,0,-0.604328,0.160699,0.968421,-1.076502,-0.509057
2093,1,1,0.97764617563827,TP,0,0,-0.71991,-0.617057,0.132606,-0.073945,2.017648
2097,1,1,0.97950008201441,TP,0,0,0.078529,0.347572,1.670904,-1.203851,-0.532336
2098,0,0,0.027907260637976,TN,0,0,0.082699,1.174097,-1.339812,-0.693742,0.252481
2101,1,1,0.66197256811934,TP,0,0,-0.733236,-0.762609,-0.266674,0.492007,2.115977
2105,1,0,0.327870483385579,FN,0,0,-0.767691,-0.814641,-2.230586,-1.439745,-0.750867
2106,1,1,0.814939210224471,TP,0,0,-1.021568,-1.779541,-1.310705,-1.697733,-0.136583
2128,1,1,0.874462118596297,TP,0,0,-0.77979,-0.875744,-0.154184,1.172156,1.341257
2133,1,1,0.855293379897948,TP,0,0,-0.753696,-0.923455,-0.092537,1.528727,-1.450276
2134,0,0,0.103449556828877,TN,0,0,0.066751,2.328907,-1.453283,0.19084,0.432068
2146,0,0,0.166804287617932,TN,0,0,1.05108,-0.871187,1.662919,-1.103231,-0.467884
2148,0,0,0.0344649363204906,TN,0,0,0.632276,0.048626,-0.301203,-0.017673,-0.616734
2155,0,0,0.124056627031803,TN,0,0,-0.606984,-0.021498,0.313342,-0.894938,-1.221118
2158,0,0,0.113328159885273,TN,0,0,-0.417018,-0.791343,0.584988,1.725078,-1.013125
2173,1,1,0.920697108401118,TP,0,0,-0.207088,0.029015,1.622591,1.392034,-0.868441
2174,0,0,0.00603948879739202,TN,0,0,-0.503108,-0.006341,1.688863,-1.469974,-0.136583
2178,1,0,0.00164739679886446,FN,0,1,-0.584997,-0.16452,1.339102,-1.585071,-0.136583
2183,0,0,0.0190977042285377,TN,0,0,1.651257,0.034303,-0.340286,0.054437,-0.536853
2191,0,0,0.0325270659295581,TN,0,0,2.534584,0.153143,-1.087941,-0.633384,-0.256461
2193,1,1,0.731290935364859,TP,0,0,-1.167931,-0.909653,-1.550904,-1.73394,-0.136583
2200,0,0,0.00447852043646884,TN,0,0,-0.224209,1.618826,-1.279587,-0.169439,-0.617489
2201,0,0,0.00955051186430247,TN,0,0,0.738817,-0.818481,-0.630578,-0.314321,-0.26227
2204,0,0,0.0159113595717951,TN,0,0,-0.883104,-1.166949,-0.391134,0.163875,1.937995
2209,1,1,0.961320702558431,TP,0,0,-0.707609,-0.451687,1.934597,0.847322,1.914455
2213,1,1,0.683992583976902,TP,0,0,0.580432,-0.515025,0.85912,1.559937,-1.010595
2218,0,0,0.00333710336664483,TN,0,0,0.784967,0.476506,-0.196735,-0.720675,-0.316538
2235,0,0,0.0519347677667564,TN,0,0,-0.546967,-0.712331,1.818705,-1.416447,0.546244
2240,0,0,0.0488369248773922,TN,0,0,2.384385,-1.729315,-0.6467,-0.375156,-0.300206
2250,1,1,0.864607650428934,TP,0,0,0.337818,1.098826,0.97405,-0.94891,-0.388533
2251,1,0,0.332523925622577,FN,0,0,-0.518245,2.219596,0.796846,0.168161,-0.439541
2261,0,0,0.0620830795734887,TN,0,0,-0.834447,-0.831449,-0.263586,-1.284092,4.586666
2268,0,0,0.183033328862184,TN,0,0,-0.796283,-1.164991,-0.371757,0.76361,2.807213
2272,1,1,0.780244964637466,TP,0,0,-0.374992,-1.035525,1.200788,2.592151,-1.34833
2288,0,0,0.0207490791502441,TN,0,0,-0.61876,0.388263,2.373269,-1.583821,-0.136583
2293,0,0,0.0276613916250172,TN,0,0,-0.591175,1.621376,-1.326968,-0.742865,-0.596856
2297,0,0,0.0442970705671762,TN,0,0,-0.490843,-0.344112,1.476368,0.984919,0.792331
2298,0,0,0.0499008303498962,TN,0,0,2.344687,-1.778403,-0.694429,-0.352201,-0.236846
2307,0,0,0.0181234419492078,TN,0,0,1.268564,-0.809534,-0.942723,-0.319041,-0.471204
2312,1,1,0.990214156848549,TP,0,0,-0.808372,-0.546566,-0.112903,2.047803,-0.136583
2317,0,0,0.083861574989224,TN,0,0,-0.159551,1.173227,-1.304734,-0.798765,-0.564262
2321,1,0,0.154774736610105,FN,0,0,-0.375043,-0.570483,1.406389,-1.248535,-0.136583
2322,1,1,0.715782388590323,TP,0,0,-0.646587,-0.323294,-0.153673,0.416448,1.372619
2326,0,0,0.0101178100970296,TN,0,0,0.433017,0.918979,-1.222577,-0.203324,0.238465
2328,0,0,0.00591937942749533,TN,0,0,-0.30485,1.110987,-1.33119,-0.064028,-0.586426
2331,0,0,0.172292234014067,TN,0,0,0.460115,1.720359,0.168473,-0.10106,-0.376775
2334,0,0,0.0737520630822939,TN,0,0,-0.816379,-1.11902,-0.222363,2.19027,-1.294048
2336,0,0,0.31321255116847,TN,0,0,-0.266418,0.79276,-1.291216,0.1102,1.207214
2347,1,1,0.837427459436906,TP,0,0,-0.295586,-0.107897,0.850746,-1.148859,2.439037
2356,0,1,0.508361223788541,FP,1,0,-0.203826,-0.200663,1.17319,-1.140365,0.620656
2363,0,0,0.0055195550983409,TN,0,0,-0.645299,0.063373,2.148984,-1.47978,-0.136583
2368,0,0,0.0376517158626263,TN,0,0,-0.75214,-1.001123,0.097577,2.531914,-1.511705
2372,1,1,0.766809145360179,TP,0,0,-0.372139,-1.066705,-0.439819,1.285761,2.245506
2381,0,0,0.295347853759961,TN,0,0,-0.286156,-0.398657,1.024308,0.478152,0.708955
2382,0,0,0.00758525720917432,TN,0,0,0.325381,1.46544,-1.20162,-0.686184,0.177822
2383,0,0,0.000167321781985294,TN,0,0,-1.137807,0.114227,1.647099,-1.435279,-0.136583
2386,0,0,0.01568808772272,TN,0,0,-0.557911,0.632618,1.770555,-1.319415,-0.638726
2394,0,0,0.124733928964659,TN,0,0,-1.246343,-0.145802,0.379506,-1.149822,-0.612095
2406,0,1,0.573817624610601,FP,0,0,-0.293666,-2.453179,0.407331,-1.208062,-0.136583
2411,0,0,0.0242102933492086,TN,0,0,1.726799,-0.752338,-0.926433,-0.392453,-0.045444
2416,1,1,0.698696401459563,TP,0,0,0.4496,-0.631312,2.100531,-1.258906,-0.546941
2421,0,0,0.00814656755045323,TN,0,0,-0.175631,0.353283,-1.150051,-0.661906,-0.257757
2423,1,1,0.9619727476846,TP,0,0,-0.32048,-0.659467,1.419454,-1.10664,1.053407
2425,1,1,0.921217731295259,TP,0,0,-0.695993,-0.486206,0.166609,2.541518,-0.136583
2432,0,0,0.0452222846001575,TN,0,0,0.102957,0.760353,-1.274822,-0.695644,-0.311448
2435,0,0,0.0633729941963651,TN,0,0,2.646598,-1.913506,-0.967975,-0.597609,-0.224761
2439,1,1,0.892035264274922,TP,0,0,-0.355822,-0.83925,1.283938,0.728349,-1.086981
2443,0,0,0.0827068707705542,TN,0,0,-0.749996,-0.34675,1.394503,-1.449316,-1.221761
2444,0,0,0.212047822892384,TN,0,0,-0.565795,-0.999681,0.690691,1.332313,-1.441621
2453,0,0,0.0259525530112882,TN,0,0,-1.232432,-2.405153,-1.384631,-0.860703,-0.400567
2455,1,1,0.676345587895322,TP,0,0,-0.758498,-0.903913,-0.240606,1.779414,-1.352141
2461,0,0,0.0146802443329543,TN,0,0,1.576658,0.045007,-0.396296,-0.328345,-0.31183
2462,0,1,0.840745794651175,FP,0,0,-0.459822,-0.976434,0.298797,0.898306,1.23946
2465,0,0,0.0416340317305322,TN,0,0,-0.630062,1.380193,0.368246,0.227005,0.334684
2471,0,0,0.335205280797625,TN,0,0,-0.79349,-1.054891,-0.257779,1.948861,-1.29165
2483,1,0,0.46773127383213,FN,1,0,0.017157,0.925383,0.205504,1.071507,-0.929469
2490,1,1,0.894668104489886,TP,0,0,-0.71554,-0.995828,-0.119227,1.419478,3.084357
2498,0,0,0.0153420422753049,TN,0,0,0.724599,-0.339638,-0.398896,-0.168505,-0.420982
2500,0,0,0.0138783043166321,TN,0,0,-0.627674,1.746361,-1.333733,-0.768499,-0.390969
2501,0,0,0.0311151110613945,TN,0,0,1.303989,0.184763,-1.083918,-0.325974,-0.269644
2502,1,1,0.991086413431943,TP,0,0,-0.320912,-0.881265,0.778001,1.171905,2.915809
2505,0,0,0.107131832192579,TN,0,0,-0.64505,-0.516755,1.897231,-1.287444,-0.726824
2506,0,0,0.00202240016356621,TN,0,0,-0.003344,0.231352,-0.278421,-0.738038,-0.136583
2508,0,0,0.0253149857748177,TN,0,0,-0.105134,1.160138,-1.199947,-0.721397,-0.332441
2515,0,0,0.00525949860635376,TN,0,0,-0.013886,0.08786,-0.28162,-0.290261,-0.276914
2518,0,0,0.0310550142578061,TN,0,0,-0.500519,1.741932,-0.01045,0.255449,1.900922
2519,1,1,0.8344688758005,TP,0,0,-0.521633,-0.850863,1.122014,0.853951,-1.259047
2520,1,0,0.398482597442758,FN,0,0,0.455352,0.832299,0.595049,0.736847,-0.698545
2535,0,0,0.0973457886234277,TN,0,0,-0.40623,0.393186,1.053743,-1.185447,-0.530436
2544,0,0,0.00681598867972254,TN,0,0,0.205824,-0.19997,-0.494838,-0.278852,-0.314717
2545,1,1,0.979996530627931,TP,0,0,-0.028207,-0.467927,1.222637,1.652426,-0.136583
2551,1,1,0.585787780818666,TP,0,0,-0.808993,-0.739996,-0.404451,0.338884,2.00778
2559,1,1,0.989143632384417,TP,0,0,-0.118127,-0.088826,1.108247,-1.094875,-0.821763
2561,1,0,0.258067556451284,FN,0,0,-0.688086,-0.687903,0.862708,1.140745,-0.136583
2564,1,1,0.772127753298437,TP,0,0,-0.615001,-0.421419,0.017968,2.410777,-1.550937
2576,0,0,0.358827390890769,TN,0,0,-0.616688,0.543646,0.263711,2.065379,-1.115196
2577,1,0,0.478558200633069,FN,1,0,-0.690781,-0.364227,0.204063,0.256408,-0.136583
2579,1,1,0.877132337622467,TP,0,0,-0.274325,-0.781202,0.622798,0.348629,0.795552
2582,1,1,0.944578077315743,TP,0,0,-0.817773,-0.650668,-0.100825,1.489733,-1.661163
2583,1,1,0.732753836457759,TP,0,0,0.272979,-0.805405,1.255595,1.376241,-1.241041
2586,0,0,0.011799104634293,TN,0,0,-0.730398,0.398438,0.004002,-0.099706,0.159046
2589,0,0,0.0555189991754506,TN,0,0,-0.869627,-1.087259,-0.226088,0.135441,0.623715
2591,0,0,0.078259413692628,TN,0,0,-0.337432,2.393321,-1.450171,0.612356,-0.608831
2596,0,0,0.000869864157737984,TN,0,0,-0.68062,0.792619,1.224323,-1.370339,-0.605801
2598,1,0,0.0201272725090004,FN,0,1,0.110935,0.557946,-0.163156,-0.773106,-0.327599
2600,0,0,0.00158271911269248,TN,0,0,-0.688346,-0.25294,1.69888,-1.332508,-0.136583
2609,0,0,0.100222622094946,TN,0,0,-0.794993,-1.045055,-0.041822,1.466532,-0.136583
2613,0,0,0.0186862967395956,TN,0,0,0.108908,0.389367,-1.128609,-0.652053,-0.253701
2618,0,0,0.00150319754968147,TN,0,0,-1.099379,0.233855,0.966259,0.306889,-0.136583
2622,1,1,0.942287887598053,TP,0,0,-0.826775,-0.871233,0.109032,1.464197,-1.663537
2623,1,0,0.472843205386395,FN,1,0,-0.293792,-0.878548,0.273566,1.47866,-1.208962
2625,0,0,0.0107258817271671,TN,0,0,-0.768152,0.05637,0.037495,-0.084381,-0.136583
2626,0,0,0.0216896774818875,TN,0,0,0.172685,1.680526,-1.272401,-0.924198,1.275022
2628,1,1,0.525365056404265,TP,1,0,-0.594561,-0.769934,1.445993,0.624037,0.813303
2629,1,1,0.697731336276292,TP,0,0,-0.370954,-0.619802,0.316605,1.190711,-0.825955
2635,0,0,0.170418154813673,TN,0,0,0.345702,0.869899,-1.274649,-0.742571,-0.526977
2638,0,1,0.855260162613646,FP,0,0,-0.232196,0.711942,0.588965,0.876549,1.589444
2650,1,0,0.0090853253745583,FN,0,1,-0.484011,-0.194953,1.756464,-1.363029,-0.136583
2651,1,1,0.741473328243207,TP,0,0,-0.587692,-0.27053,0.66359,1.959809,-0.136583
2664,1,0,0.182786257168567,FN,0,0,0.105437,1.004379,0.10733,-0.789092,-0.320983
2670,1,1,0.504078888783581,TP,1,0,-1.112109,-1.946091,-0.066419,-1.433943,2.39253
2678,1,1,0.749383647560027,TP,0,0,-0.438951,-0.746768,1.509649,0.64761,0.92628
2683,1,0,0.388384725008742,FN,0,0,-0.253417,-0.415437,1.449321,1.729824,-1.038395
2686,0,0,0.00788273912939823,TN,0,0,0.399037,-0.575354,-0.957413,-0.382204,-0.2256
2688,0,0,0.0499219870376276,TN,0,0,3.02164,-1.764638,-0.624413,-0.602872,0.006153
2695,0,0,0.0040568116727575,TN,0,0,-0.205309,0.441291,-1.116298,-0.677347,-0.136583
2697,0,0,0.0274194550544519,TN,0,0,-0.103888,1.490057,-0.090561,0.033929,-0.972423
2702,0,0,0.0669482349694887,TN,0,0,-0.652945,-0.429004,2.110386,-1.354331,-0.722989
2708,0,0,0.05398276391064,TN,0,0,3.14042,-1.902868,-0.639802,-0.394982,-0.015852
2709,1,1,0.882619605947956,TP,0,0,-0.542938,-0.355826,-0.016507,1.706661,-1.38665
2716,1,1,0.98188536658236,TP,0,0,0.067043,-1.1795,1.79101,-1.338233,-0.858857
2718,0,0,0.0269953341046517,TN,0,0,-0.82855,-1.018432,-0.419787,0.596853,1.818177
2719,0,0,0.0425217546492376,TN,0,0,0.12275,1.263151,-1.343459,-0.719728,-0.326101
2721,1,0,0.118899179447394,FN,0,0,-0.541114,-0.254867,2.001799,-1.414503,-0.805844
2728,0,0,0.0190635519297246,TN,0,0,-0.753764,-0.428437,1.600105,-1.558171,-0.901908
2737,0,0,0.430811560940777,TN,0,0,-0.457838,-1.058721,0.010807,0.843016,1.906846
2743,0,0,0.0559632485025002,TN,0,0,-0.371011,0.591386,0.494739,0.069897,-0.449016
2746,0,0,0.04993664694468,TN,0,0,1.423223,-0.414293,-0.410164,-0.150848,0.686741
2750,1,1,0.674399463411917,TP,0,0,-0.036379,1.593657,0.319847,0.318816,0.804745
2770,0,0,0.0537570798562171,TN,0,0,0.120274,1.571238,-1.44734,-0.820262,-0.419946
2771,0,0,0.00348950700559306,TN,0,0,-0.209067,2.163008,-1.326027,-0.734347,-0.357916
2774,1,1,0.655200812182592,TP,0,0,0.234259,1.460729,0.300559,-0.931278,-0.426397
2786,1,1,0.561733401563083,TP,0,0,-0.612914,0.07054,1.0757,0.754485,2.03073
2787,1,1,0.964453857491676,TP,0,0,0.209232,-0.281539,0.406261,0.44288,-0.620689
2790,0,0,0.0445106626826023,TN,0,0,-1.256178,-2.448144,-2.599841,-2.376355,-0.136583
2801,1,1,0.915194293515617,TP,0,0,-0.706618,-0.791171,-0.082471,1.185238,2.045027
2802,1,0,0.227132579035843,FN,0,0,-0.37803,1.302185,0.310392,0.44237,-0.641776
2805,1,1,0.962634050724451,TP,0,0,-0.351684,-0.495278,0.966043,0.623553,-1.088975
2813,0,0,0.0185269695748882,TN,0,0,0.548758,1.79939,-1.304911,-0.834451,-0.432566
2816,1,1,0.538518635530596,TP,1,0,-0.403689,2.283411,-1.567166,0.28283,0.657425
2828,0,0,0.0265263900663791,TN,0,0,2.243107,-0.646463,-0.407653,0.008803,-0.359987
2833,1,1,0.980340201300442,TP,0,0,-0.712397,-0.705417,0.314822,0.272321,2.403736
2839,1,0,0.00858717504787733,FN,0,1,-0.652509,-0.004461,1.339491,-1.123625,-0.597197
2845,0,0,0.0254400891101917,TN,0,0,2.025647,-0.074244,0.31036,0.108783,-0.384762
2852,0,0,0.00159229505650665,TN,0,0,-0.702349,-0.260601,1.614833,-1.317043,-0.136583
2864,0,1,0.695119734965518,FP,0,0,-0.465086,-1.087439,-0.023405,0.968008,1.69848
2866,0,0,0.00817022986124735,TN,0,0,0.420184,-0.489064,-0.564043,-0.36954,0.044771
2869,0,0,0.0178822080102419,TN,0,0,1.839151,-0.120422,-1.094763,-0.597376,-0.136583
2883,0,0,0.00213735768748604,TN,0,0,0.015043,0.570366,-0.229669,-0.755687,0.134733
2884,0,0,0.0269030750568013,TN,0,0,-0.856537,-1.073797,-0.449109,0.969276,2.157897
2888,0,0,0.0153732614082021,TN,0,0,0.724319,-0.33992,-0.398896,-0.168505,-0.420565
2898,0,0,0.00682699519747431,TN,0,0,0.25444,0.611961,-1.103405,-0.634867,0.0317
2899,0,0,0.0698321718227898,TN,0,0,-1.598739,-0.093585,-1.580981,-0.870116,-0.393835
2907,1,1,0.53678820663098,TP,1,0,-1.013753,-0.713986,0.477655,1.085028,-0.136583
2915,0,0,0.0787704198925398,TN,0,0,-0.777622,-0.295839,0.262987,-0.118778,-0.136583
2922,0,0,0.0319302570147396,TN,0,0,1.671578,0.273088,0.140907,0.283032,-0.45736
2927,1,1,0.879482914207305,TP,0,0,-0.861009,-1.170585,0.111611,0.096384,-0.968748
2928,1,1,0.581919673952868,TP,0,0,0.192332,0.985202,0.523255,0.479693,-0.535937
2929,1,1,0.536570347319493,TP,1,0,-0.575875,-0.252329,0.808214,0.80111,1.021279
2930,1,1,0.782403678959427,TP,0,0,-0.406423,-0.813917,1.402586,1.00763,1.087067
2935,0,0,0.0573604430947136,TN,0,0,2.412602,-1.829487,-0.936948,-0.401572,-0.234842
2947,0,0,0.154202912861798,TN,0,0,-0.729011,-1.05306,-0.220021,-1.710556,2.605674
2953,1,0,0.329707486436259,FN,0,0,-0.471121,1.403259,1.511984,-1.002867,-0.505091
2960,0,0,0.045204658584086,TN,0,0,2.587977,-0.955036,-0.958309,-0.38842,-0.002052
2971,0,0,0.00854204733039361,TN,0,0,-0.47776,1.829599,-1.266775,-0.801578,-0.4227
2975,1,1,0.54116753346418,TP,1,0,0.316357,-0.468655,0.995543,0.325065,-0.592959
2977,0,0,0.0210595030397831,TN,0,0,0.253869,1.3468,-1.224055,-0.701688,-0.311274
2981,0,0,0.0548088544486649,TN,0,0,2.639134,-1.748284,-0.938287,-0.411566,-0.023765
2998,1,1,0.892579888689045,TP,0,0,-0.574268,-0.941783,1.179511,1.509971,2.435284
3001,0,0,0.140203212679001,TN,0,0,-0.426596,-0.303089,1.601855,-1.137807,-0.501882
3003,0,0,0.0466747639853221,TN,0,0,-1.986639,-0.34796,-1.29234,-0.694217,-0.268839
3004,0,0,0.0485854064221098,TN,0,0,0.951294,1.065937,0.356068,0.245743,-0.43611
3011,0,0,0.0428102074644968,TN,0,0,2.14056,-0.960505,-0.95018,-0.600628,-0.021491
3019,0,0,0.0238206833599797,TN,0,0,-0.007669,2.182419,-1.348355,0.48676,-0.531513
3035,0,1,0.921637713267619,FP,0,1,-0.122243,0.048685,1.101785,-1.217271,-0.493913
3036,0,0,0.0130442446546069,TN,0,0,1.450146,0.747498,0.080694,-0.787758,0.149191
3046,0,0,0.126336268663103,TN,0,0,-0.432689,0.460784,1.56169,-1.186899,-0.63805
3047,0,0,0.0184521235781043,TN,0,0,-0.383839,2.486018,-1.420334,0.266092,-0.464774
3049,0,0,0.0194029037383454,TN,0,0,-0.41706,0.76859,-0.105707,-0.189925,-0.301735
3054,0,1,0.589269087179578,FP,0,0,-0.878779,-0.871878,-0.209422,0.124162,-0.136583
3055,1,1,0.812556303845722,TP,0,0,-0.433746,-0.786314,1.386917,0.609536,1.020686
3058,0,0,0.00107388632736524,TN,0,0,-0.707097,-0.034106,1.22173,-1.204469,-0.136583
3063,1,1,0.712094726986296,TP,0,0,-0.599206,-0.125945,1.948461,-1.311162,-1.245154
3069,0,0,0.00670254407360892,TN,0,0,-0.015901,0.163413,-0.201299,-0.222004,0.221917
3071,0,1,0.680309278102993,FP,0,0,-0.659138,-1.002443,-0.320922,1.466934,2.76776
3080,0,0,0.0577737120112244,TN,0,0,-0.747047,-0.020476,0.60821,-1.093145,-0.499759
3084,0,0,0.00252538477103207,TN,0,0,-0.60324,1.328434,-0.125839,-0.808045,0.276688
3090,0,0,0.185416490710021,TN,0,0,-0.740149,-0.388774,1.629475,0.710541,-0.136583
3091,0,0,0.0149670713783762,TN,0,0,-0.629882,0.635955,0.30902,0.086697,-0.468892
3093,1,1,0.948506633324943,TP,0,0,-0.543042,-0.507243,0.597815,0.737636,-0.957578
3103,1,1,0.874366744690564,TP,0,0,-0.261839,-0.824677,1.649498,0.906567,0.830566
3104,0,0,0.0746515888626165,TN,0,0,-0.786335,-0.450627,1.333515,0.914388,-1.065044
3106,0,0,0.0244667152032793,TN,0,0,-0.226003,1.871441,-1.434796,-0.863443,-0.441827
3107,1,0,0.421051688946076,FN,0,0,-0.710478,-0.84061,-0.359553,1.93013,-1.42147
3109,1,1,0.689276931112547,TP,0,0,-0.522826,-0.871079,1.141745,2.600185,-1.466917
3112,1,0,0.307152979126017,FN,0,0,-0.75742,-0.618671,0.752111,1.297286,-0.971375
3115,0,0,0.00254218860942719,TN,0,0,-0.555681,1.488694,-0.029846,-1.169398,-0.136583
3116,0,0,0.0217793601535192,TN,0,0,1.079064,0.410823,-1.104187,-0.65491,-0.260611
3126,0,0,0.0287825381758006,TN,0,0,1.230217,1.084385,-0.013487,-0.779584,0.126876
3127,0,1,0.642820076089001,FP,0,0,-0.422434,0.019228,0.853231,-1.02541,-0.769345
3135,0,0,0.0327693958138893,TN,0,0,1.892578,-1.158386,-0.675753,-0.304336,-0.245071
3137,0,0,0.00133704932165164,TN,0,0,-0.728916,0.979421,0.308166,-1.080273,-0.136583
3141,0,0,0.0073143831314518,TN,0,0,-0.665784,0.347372,-0.083738,-0.154958,0.147137
3145,0,0,0.0131946331869464,TN,0,0,1.509816,0.790609,0.166357,-0.742237,0.12115
3157,0,0,0.019313430901486,TN,0,0,-0.642402,0.099763,0.230154,0.117051,-0.415375
3158,1,1,0.864008962641552,TP,0,0,-0.769559,-1.035082,0.317686,-1.000369,0.723246
3159,1,1,0.874562873361138,TP,0,0,-0.687378,-0.537172,0.778747,-1.493846,2.571103
3160,1,1,0.981750767165145,TP,0,0,0.162927,-0.591689,0.914305,0.681514,2.468222
3162,0,0,0.068412280638744,TN,0,0,-0.257727,1.010136,0.259853,-1.111742,2.564067
3167,0,0,0.24914712845117,TN,0,0,-0.386807,0.391153,1.068936,0.362579,-0.848529
3173,1,1,0.624080764353004,TP,0,0,-0.475515,-0.249967,-0.103985,0.732215,-0.713348
3181,1,1,0.868846453062,TP,0,0,-0.581969,-0.234856,1.377452,-1.442849,2.033822
3185,1,1,0.748366477205045,TP,0,0,-0.585373,-0.750885,0.508927,-1.15053,-0.136583
3188,1,0,0.0277593304470332,FN,0,1,-1.181339,-0.476052,0.979205,-1.479042,-0.965771
3191,0,0,0.00907309904051567,TN,0,0,0.067475,-0.523885,-1.025597,-0.581885,-0.020395
3195,0,0,0.00765336793067773,TN,0,0,-0.687007,1.311408,0.388939,-1.113334,-0.523664
3202,1,1,0.650467644933259,TP,0,0,-0.765697,-1.271279,-1.007048,0.39558,-1.764882
3203,0,0,0.01944289718554,TN,0,0,-0.634585,2.293058,-1.374017,0.015757,1.312448
3206,0,0,0.0531148662538211,TN,0,0,-0.307855,1.689139,-1.574716,-0.862705,-0.136583
3207,0,0,0.0362195714001007,TN,0,0,-0.89727,-1.204329,-0.508762,0.087647,-2.03403
3211,0,0,0.0284641339249672,TN,0,0,1.823546,-0.766293,-0.945185,-0.373156,-0.228956
3213,1,1,0.845736696353713,TP,0,0,-0.687085,-0.715962,0.120347,2.258579,-1.885877
3215,0,0,0.0532378566382598,TN,0,0,1.188632,-1.777702,-0.561211,-0.309024,-0.312252
3216,0,1,0.575768981366123,FP,0,0,-1.188258,-0.20339,0.062917,-1.005995,0.212825
3219,0,0,0.00295181610786599,TN,0,0,-0.651886,0.498138,0.446394,0.088418,-0.136583
3221,0,0,0.00490126028364208,TN,0,0,0.39524,1.601412,-1.217178,-0.700633,0.262494
3226,1,1,0.966455064911306,TP,0,0,-0.574765,-0.475166,0.944259,1.031747,3.020826
3228,0,0,0.17722096272558,TN,0,0,0.961926,-0.808486,1.631528,-1.229262,-0.520519
3229,0,0,0.00980697342401175,TN,0,0,-0.556222,2.346932,-1.432139,-0.124309,0.200782
3249,0,0,0.061338627208995,TN,0,0,0.318709,0.414524,-1.221415,0.162614,0.751172
3251,0,0,0.15957127010933,TN,0,0,2.443938,-1.109536,-1.827044,0.136895,-0.575966
3260,0,0,0.0069361062093196,TN,0,0,0.344619,1.177293,-1.200088,-0.155492,-0.407228
3261,0,1,0.688261571105952,FP,0,0,-0.855212,-1.06066,-0.347172,1.512657,-1.512695
3272,0,0,0.0131181051211795,TN,0,0,-1.886623,-0.440159,-1.138943,-0.072184,-0.921332
3275,0,0,0.0600882451769349,TN,0,0,2.793454,-1.90643,-0.967459,-0.383116,-0.261464
3280,0,0,0.289337971111901,TN,0,0,-0.088405,0.034291,1.285916,-1.035471,0.458961
3281,0,1,0.523927852436649,FP,1,0,-0.731617,-0.837284,0.128682,1.965998,-1.2081
3288,0,1,0.895600571367037,FP,0,0,-0.46931,-1.010755,0.181918,0.890196,1.210309
3294,1,1,0.859133387283673,TP,0,0,0.559855,0.142474,1.130064,-1.155793,-0.465747
3298,0,0,0.176132070662267,TN,0,0,0.961763,-0.808892,1.630523,-1.229377,-0.520054
3303,0,0,0.148317891152377,TN,0,0,-0.867028,-1.041045,-0.493238,0.030369,-0.136583
3312,0,0,0.0238616300978488,TN,0,0,0.892032,0.118363,-1.049964,-0.354008,0.092374
3316,0,0,0.18112224044745,TN,0,0,-0.524974,2.084647,-1.560607,0.096521,1.048215
3322,0,0,0.0377643753754614,TN,0,0,1.996662,-0.81402,0.853199,-0.947156,-0.371546
3324,1,1,0.799607561485582,TP,0,0,0.215289,-0.8595,0.911431,1.889554,1.110824
3326,0,0,0.00867618512655597,TN,0,0,-0.48364,0.903645,-1.212752,-0.721661,-0.303988
3340,0,0,0.00699228907415457,TN,0,0,-0.565762,1.794478,-1.351076,-0.736323,0.195233
3347,0,1,0.644597082686588,FP,0,0,1.143228,-0.476248,0.635279,0.565924,0.774958
3350,1,1,0.587675150516603,TP,0,0,-0.789636,-1.13042,-0.220572,1.272102,3.011115
3351,1,1,0.991034197442445,TP,0,0,-0.593085,-0.889067,0.742353,1.377647,2.876686
3360,0,1,0.988285904772683,FP,0,1,-0.618012,-0.580708,-0.130114,1.561281,2.607672
3362,0,0,0.141602291644662,TN,0,0,-0.639381,2.181033,-1.399413,1.034245,-0.833051
3368,1,1,0.933793314216313,TP,0,0,-0.835491,-0.739729,-0.5096,0.428056,2.577687
3370,0,1,0.965088451465647,FP,0,1,-1.076971,-0.825583,0.212283,1.543416,-1.635543
3371,0,0,0.0500715165922594,TN,0,0,-0.167165,1.045269,-1.325878,-0.77189,-0.344483
3376,1,1,0.98541403969299,TP,0,0,-0.719634,-0.640401,0.876539,1.187472,2.444561
3378,0,0,0.110088806683986,TN,0,0,-0.584778,-0.534039,1.283474,-1.611533,-0.793225
3381,0,0,0.20621936390103,TN,0,0,-2.933743,-2.982485,-0.338821,-0.246972,-0.136583
3383,1,1,0.63337137923449,TP,0,0,0.107518,-0.263056,-0.163994,0.514423,1.299415
3386,1,0,0.0027623535802529,FN,0,1,-0.632764,0.007419,1.712377,-1.318095,-0.136583
3393,0,0,0.00135718738356213,TN,0,0,-0.709007,-0.074879,1.228807,-1.200352,-0.136583
3402,0,0,0.00412016312397203,TN,0,0,-0.686948,-0.165801,1.149547,-1.197528,-0.136583
3403,1,0,0.485838032222717,FN,1,0,-0.821082,-0.756783,-1.543468,2.102816,-1.59714
3408,0,1,0.725110695804073,FP,0,0,-0.662096,-0.891183,1.544455,0.543061,0.933759
3410,1,1,0.927436467104601,TP,0,0,-0.726145,-0.979502,-0.070725,1.951309,2.456305
3416,0,0,0.010575298363422,TN,0,0,-0.063977,1.771037,-1.311017,-0.775105,-0.365914
3425,0,0,0.0245605881533909,TN,0,0,0.976144,1.179854,-1.230303,-0.21671,0.143835
3438,1,0,0.454647820930548,FN,1,0,-0.796973,-0.973319,-0.35479,-0.802668,-0.136583
3449,0,0,0.0274427752788914,TN,0,0,-1.185379,-2.138976,0.808938,1.789696,-1.216943
3457,0,0,0.0112734903146834,TN,0,0,-0.716427,0.603231,-0.099886,-0.078808,-0.136583
3463,1,0,0.0415286435635059,FN,0,1,1.028757,-0.093197,0.419476,0.392699,-1.086345
3468,0,0,0.0298744315567728,TN,0,0,-0.446756,1.40387,0.284372,0.136361,-0.64868
3495,0,0,0.0615624350775766,TN,0,0,2.299178,-1.143646,0.560546,-0.895183,0.378712
3512,1,1,0.764906184085248,TP,0,0,0.022769,0.051235,0.76417,-1.013372,-0.379871
3513,0,0,0.0538870658995879,TN,0,0,-0.190752,0.906912,0.921307,-0.990825,-0.46614
3515,0,0,0.0445079850772922,TN,0,0,1.348356,0.138068,-1.153935,-0.204042,-0.30058
3517,0,0,0.00817749054357736,TN,0,0,0.149538,1.275982,-1.259533,0.000479,1.89022
3519,0,0,0.00751569534950339,TN,0,0,-0.473956,0.653556,0.438365,0.138132,-0.136583
3520,0,0,0.0485163180481356,TN,0,0,2.187479,-1.738637,-0.655,-0.386835,-0.000245
3533,1,1,0.71714218104188,TP,0,0,-0.752972,-0.729188,0.950332,0.566315,-0.925166
3535,1,0,0.392181607148439,FN,0,0,-0.783434,-0.825049,0.165829,1.817467,-0.933739
3547,0,0,0.0615565345034346,TN,0,0,-0.64589,-0.796686,0.081535,-1.222262,3.281067
3551,0,0,0.0077864825709834,TN,0,0,-0.599265,0.444099,-0.226406,-0.172656,-0.323216
3554,0,0,0.0520612078324591,TN,0,0,-0.452701,-0.777353,0.27617,2.542259,-1.432767
3561,0,0,0.43986238530484,TN,0,0,-0.722115,-0.834769,1.559745,-1.280358,0.426422
3572,0,0,0.0254296836854979,TN,0,0,-0.568744,1.719936,-1.3924,-0.838795,-0.368583
3579,1,1,0.972206376316893,TP,0,0,0.414536,-0.059451,1.674481,-1.088854,-0.630005
3582,0,0,0.0140494548740751,TN,0,0,-0.233897,1.649282,0.287473,-0.040457,-0.136583
3587,0,1,0.882246115076515,FP,0,0,-0.825164,-0.554121,1.063263,-1.43109,0.617216
3593,0,0,0.00749835037120452,TN,0,0,-0.54722,0.902423,-1.277541,-0.689892,-0.295259
3595,0,0,0.0393626141585929,TN,0,0,-0.660273,1.228629,0.246324,0.203501,0.299772
3604,0,0,0.0264159541676462,TN,0,0,0.401855,0.968611,-1.279225,0.340127,-0.597249
3605,0,0,0.0110176344130068,TN,0,0,-0.226685,1.892403,0.083285,-0.985574,-0.375823
3607,0,0,0.05342300517481,TN,0,0,3.127529,-0.200017,-0.464902,-0.128939,0.082093
3608,0,0,0.000601465796301527,TN,0,0,-0.682819,-0.154145,2.075083,-1.696389,-0.136583
3613,0,0,0.00783199843150192,TN,0,0,0.525968,1.236043,-1.189994,-0.691502,0.212659
3618,0,0,0.0213353480480592,TN,0,0,-0.422723,0.187947,1.572798,-1.396214,-0.136583
3620,1,1,0.714044565429503,TP,0,0,-0.30831,-0.746099,0.798781,0.944707,0.952164
3629,0,1,0.872296995084549,FP,0,0,-1.051178,-0.964403,0.311397,-0.500597,-0.136583
3633,0,0,0.302409543601708,TN,0,0,-0.270519,-0.270964,1.083794,0.202938,-0.696469
3635,0,0,0.0272383126592943,TN,0,0,2.073461,-0.722862,-0.587489,-0.333205,-0.337738
3640,0,1,0.939278927869127,FP,0,1,0.472214,0.018405,1.671271,-1.112813,-0.463477
3642,0,0,0.0291877347878547,TN,0,0,0.814662,0.160593,-1.076945,-0.333762,-0.276911
3663,0,0,0.186519994186909,TN,0,0,-0.168276,-0.09966,1.030024,0.279456,-0.492147
3673,0,0,0.29245856033259,TN,0,0,-0.677262,-0.849226,-0.010169,2.232893,-1.472507
3678,1,0,0.497741285434507,FN,1,0,-0.193949,-0.096381,1.029797,-1.082307,1.046365
3679,0,1,0.565611418900401,FP,0,0,-0.788471,-1.085184,-0.236778,0.900804,2.771999
3681,0,0,0.00125199630766259,TN,0,0,0.375001,1.829623,-1.284948,-0.08609,-0.136583
3684,0,0,0.0479604633695988,TN,0,0,3.164642,-0.996676,-0.952684,-0.592331,-0.021733
3685,0,0,0.00445119930998898,TN,0,0,0.135085,1.263186,-1.313679,-0.182479,-0.363647
3686,1,1,0.705291317647973,TP,0,0,-0.727309,-0.712615,0.261518,1.022193,-0.896976
3690,0,0,0.189960913203316,TN,0,0,0.015691,2.469462,-1.445781,0.243286,0.393285
3692,0,0,0.0608515781121321,TN,0,0,3.06553,-1.827395,-0.089266,-0.244077,-0.260693
3701,0,0,0.0246736291050359,TN,0,0,-0.562282,1.930626,-1.542092,0.192444,1.649333
3703,0,0,0.166621476449415,TN,0,0,-0.513939,0.496387,1.212555,0.77575,1.490888
3704,0,0,0.015847095229713,TN,0,0,1.049415,0.541061,-0.411587,-0.035618,1.333795
3713,0,0,0.0150886706305864,TN,0,0,-0.627265,0.908004,-0.28743,-0.140767,-0.353739
3718,0,0,0.00947431300595923,TN,0,0,-0.602076,2.197236,-1.432412,-0.137818,0.204149
3725,1,1,0.558095713748108,TP,0,0,-0.323914,-0.899438,-0.025862,1.576409,-1.223409
3740,0,0,0.0380965426105832,TN,0,0,2.452288,0.270151,-1.090405,0.138923,-0.479461
3749,1,1,0.684402054398294,TP,0,0,-0.146011,-0.741902,-0.052557,2.109269,-1.116488
3757,1,1,0.667373968954023,TP,0,0,-0.287722,1.420626,0.450446,0.541912,-0.780659
3759,0,0,0.0400947739902696,TN,0,0,-0.013755,-0.508328,0.254224,-0.84435,-0.136583
3766,0,1,0.900909705575822,FP,0,1,-1.10761,-1.870296,-1.674936,-1.733622,-1.227002
3768,1,1,0.661568066782317,TP,0,0,-0.172553,0.736018,0.85295,0.43086,1.635278
3771,0,0,0.0210177476361302,TN,0,0,1.627012,-0.886582,-0.654174,-0.376432,-0.290369
3773,0,0,0.0141530509795598,TN,0,0,-0.584464,0.069412,1.330349,-1.274193,0.68337
3775,0,0,0.0403812423171851,TN,0,0,2.337887,-0.509584,-0.504268,-0.177335,0.997249
3779,0,0,0.0983047164033291,TN,0,0,-0.501551,-0.357231,1.688852,-1.323888,-0.651097
3782,1,1,0.827106868233939,TP,0,0,-0.720502,-0.69698,-0.017142,-0.960677,2.279869
3790,1,1,0.918955007297679,TP,0,0,-0.525924,-0.879399,0.195552,0.611993,0.974833
3791,0,0,0.0242406190302498,TN,0,0,-0.326434,1.079203,1.497709,-1.25101,-0.677501
3793,1,1,0.830960939294561,TP,0,0,-0.735108,-0.869956,-0.589139,0.753504,2.772659
3795,0,0,0.00402960072498989,TN,0,0,0.34533,1.409005,-1.242775,-0.214217,-0.352238
3801,1,1,0.509173345041061,TP,1,0,-0.773587,-1.093433,-0.248856,1.586076,-1.680731
3810,0,0,0.00910584205160933,TN,0,0,0.380719,1.480234,-1.290687,-0.727043,0.079998
3812,0,0,0.00371540330202106,TN,0,0,-0.500168,1.156378,-1.244229,-0.148753,-0.334178
3821,0,0,0.153299399502662,TN,0,0,-0.541139,0.961785,0.441585,-1.264826,2.146778
3827,1,1,0.738283161798354,TP,0,0,-0.508084,-1.016251,1.126423,0.890723,-1.387469
3832,0,0,0.361953615529271,TN,0,0,-0.462179,0.48419,0.785122,0.273784,0.737262
3833,0,0,0.32983969071182,TN,0,0,-0.185901,0.237392,1.058703,0.335729,-0.602933
3835,0,0,0.0301328814716723,TN,0,0,1.876904,-1.152934,-0.715605,-0.396411,0.012634
3838,0,0,0.00702052030955412,TN,0,0,0.354552,1.201005,-1.18372,-0.139951,-0.438007
3847,1,0,0.297138340226099,FN,0,0,-1.327671,-2.182553,0.789898,0.511858,-0.772807
3850,1,1,0.738047263074666,TP,0,0,-0.479199,1.591343,1.356305,-1.009993,-0.459917
3854,1,1,0.995431458332584,TP,0,0,-0.220574,-0.304533,1.051657,1.053717,2.058456
3862,0,0,0.008370416856152,TN,0,0,0.257211,-0.557547,-0.993112,-0.416876,-0.136583
3863,1,1,0.795775979794062,TP,0,0,-0.166723,1.142795,0.647208,0.935568,-0.669444
3865,0,0,0.0303979732906943,TN,0,0,1.926943,-1.086502,-0.603172,-0.239297,-0.246027
3872,0,0,0.0365057784799782,TN,0,0,-0.644421,0.723528,0.373876,0.550674,-0.796319
3878,0,0,0.0804754879514573,TN,0,0,-0.679562,-1.046632,-0.39023,1.029889,3.563753
3885,0,0,0.0479246199356713,TN,0,0,-0.686566,1.490245,-1.452867,-0.191178,0.144905
3899,0,1,0.921855414217209,FP,0,1,-0.121967,0.048955,1.101785,-1.216973,-0.493913
3916,0,0,0.0166894875067827,TN,0,0,-1.227578,0.521391,0.065683,0.404558,-0.136583
3921,0,0,0.0221089164346211,TN,0,0,1.773298,-0.89386,-0.549541,-0.375259,-0.005073
3924,0,0,0.0459480171323341,TN,0,0,-0.504975,1.454842,-0.087036,0.167482,-0.842202
3927,0,0,0.446557462985143,TN,0,0,-0.615152,-0.471018,1.086204,0.511123,0.747505
3929,1,1,0.965412964635486,TP,0,0,-0.484275,-0.273549,0.475385,1.771103,2.512453
3934,0,0,0.00932016793473363,TN,0,0,-0.441012,0.690357,-0.01882,-0.194086,0.079515
3948,0,0,0.02749610921509,TN,0,0,-0.6489,1.486285,-1.253051,-0.201795,0.155613
3952,0,0,0.0656798265752159,TN,0,0,-0.562018,0.325435,1.345553,-1.283242,-0.82128
3953,0,0,0.00367078355314977,TN,0,0,-0.25757,0.633475,-0.308689,-0.722458,-0.136583
3957,0,0,0.000979436026564702,TN,0,0,-0.389726,1.614396,0.164846,-0.883252,0.147212
3960,1,1,0.559883346623952,TP,0,0,-1.012425,-0.985341,0.170833,-0.948566,-0.756069
3961,0,0,0.0426423717397843,TN,0,0,2.076291,-0.982135,-0.982456,-0.601355,0.069769
3994,1,1,0.795236822974516,TP,0,0,-0.825808,-0.74337,0.16115,2.286287,-0.136583
3997,0,0,0.0555988762065681,TN,0,0,0.385959,1.470093,-1.312941,0.327323,0.815379
4002,0,0,0.0382147742795787,TN,0,0,2.21446,-0.713188,-0.93412,-0.579556,-0.039028
4004,0,0,0.0609530427318287,TN,0,0,1.974979,-1.06844,0.086223,1.335728,-0.782652
4010,0,0,0.0243309702436837,TN,0,0,-0.624702,0.105744,-0.248314,-0.755475,-0.34284
4017,0,0,0.010753914367362,TN,0,0,-0.739401,-0.065091,1.830938,-1.36782,-0.803501
4020,0,0,0.232244568698995,TN,0,0,-1.225048,-0.668131,0.647824,-1.476983,-1.060375
4028,1,1,0.923551785303256,TP,0,0,0.136103,1.290517,0.926084,0.151392,-0.438472
4035,0,0,0.0508804518388342,TN,0,0,2.570439,-1.799469,-0.642342,-0.161718,-0.301811
4042,0,0,0.36711855541437,TN,0,0,-0.305632,2.114997,0.507608,0.265298,-0.550755
4044,0,0,0.012355822436057,TN,0,0,-0.370387,1.65652,-1.477978,-0.113661,-0.390739
4045,0,0,0.0825869197356668,TN,0,0,2.839953,-0.843076,-0.602622,-0.714216,0.989381
4047,1,1,0.717565848262483,TP,0,0,-0.74968,-0.992488,-0.432969,1.187497,-1.625455
4053,0,0,0.0030870358292914,TN,0,0,-0.384264,1.953292,-1.33417,-0.180954,-0.416244
4054,1,1,0.776353451303219,TP,0,0,0.585626,0.029885,1.379721,-1.054761,-0.447789
4057,0,0,0.0312596232369321,TN,0,0,-0.053048,0.942855,-1.197645,-0.725343,-0.335785
4059,0,0,0.0146729294492009,TN,0,0,0.575076,-0.031157,-0.358784,-0.029477,-0.81546
4067,1,1,0.921570259926869,TP,0,0,-0.597131,-0.158868,0.13281,1.890383,-1.413904
4077,0,0,0.000836562232188505,TN,0,0,-0.572835,0.422585,-1.280558,-0.097907,-0.355105
4079,0,0,0.00992698702084258,TN,0,0,0.297911,0.873765,-0.201331,1.333857,-0.753821
4080,0,0,0.0115676091763885,TN,0,0,0.667479,0.438706,-1.106604,-0.628959,0.020464
4083,1,1,0.705335615571268,TP,0,0,-0.258721,-0.148599,1.221373,-1.255139,-0.538543
4084,1,0,0.0107206374263745,FN,0,1,-0.047809,0.625873,-1.276248,-0.153205,-0.593102
4090,0,0,0.0288469300517835,TN,0,0,-0.446324,2.363453,-1.380316,-0.075726,1.041452
4092,0,0,0.0209689071143265,TN,0,0,1.140398,0.696233,-1.123327,-0.655862,0.14663
4094,0,0,0.0179476893479725,TN,0,0,-0.167996,2.135454,0.1478,-0.051225,0.239834
4097,0,0,0.0714232384952534,TN,0,0,-0.68105,-0.47559,1.981808,-1.410389,0.817228
4101,0,0,0.0490061846228749,TN,0,0,2.826084,-0.512614,-0.998676,-0.392213,-0.267814
4103,1,0,0.144295901590717,FN,0,0,-1.640643,-3.038709,-1.419812,-1.313301,-0.136583
4109,1,1,0.734600173588704,TP,0,0,-0.838738,-0.851349,0.09655,-1.057902,-0.136583
4110,0,0,0.0427816252446236,TN,0,0,-0.709312,0.226981,0.027468,0.290768,-0.136583
4115,1,1,0.981277980930405,TP,0,0,-0.585639,-0.55941,0.108813,1.218281,1.941695
4124,0,0,0.0280296295968947,TN,0,0,1.830102,-0.727883,-0.942093,-0.337568,-0.228797
4126,0,0,0.00891245379115485,TN,0,0,0.230416,-0.245267,-0.549749,-0.247256,-0.290443
4130,1,1,0.501951038598073,TP,1,0,-0.619189,0.409483,0.963223,1.127312,-0.977765
4133,0,0,0.0158484917558132,TN,0,0,-0.699054,1.533591,-0.034194,-0.064356,0.2575
4136,0,0,0.0616799993484566,TN,0,0,0.25855,0.437766,-0.280481,-0.073996,-0.592395
4142,1,1,0.845211857861471,TP,0,0,-0.839197,-0.666424,-0.498764,0.393819,-0.136583
4143,0,0,0.0661833037871392,TN,0,0,2.528389,-1.115465,-0.992596,-0.715078,-0.361898
4145,0,0,0.00887311684383619,TN,0,0,-0.668409,0.890673,0.997056,0.742015,-0.136583
4146,1,1,0.951539023200949,TP,0,0,-0.820578,-0.890534,0.187795,0.606206,-1.04081
4162,0,0,0.0318262644929059,TN,0,0,1.888491,-1.119223,-0.674545,-0.279306,-0.250277
4163,0,0,0.00756963555165533,TN,0,0,-0.467589,0.282817,-1.266528,-0.69277,-0.315907
4167,0,0,0.040873847623078,TN,0,0,-0.848806,-1.110211,-0.345441,1.437243,-0.136583
4169,0,0,0.0089087981527631,TN,0,0,-0.610716,-0.111104,2.229163,-1.332207,-0.136583
4177,0,0,0.0236675695724549,TN,0,0,-0.539723,0.654778,1.952503,-1.280504,-0.609439
4183,1,1,0.923092034082677,TP,0,0,0.485793,0.854483,1.156938,-0.978097,-0.426009
4186,1,1,0.842288095344797,TP,0,0,-0.816283,-0.84274,-0.028461,0.696566,2.314736
4190,0,0,0.0158389664126892,TN,0,0,-0.582196,1.499175,-1.334861,0.036233,-0.389442
4206,0,0,0.0246033492516682,TN,0,0,1.734019,0.115355,-1.105771,-0.251232,-0.301165
4207,0,0,0.0248783741197256,TN,0,0,-0.515164,0.554021,-0.038341,-0.067123,0.191696
4219,0,0,0.0206462461805314,TN,0,0,-0.628771,-0.053458,2.165517,-1.577151,-0.782866
4221,1,1,0.734520568049036,TP,0,0,-0.768716,-1.092154,-0.159123,1.399391,-1.653223
4233,1,1,0.938463364238134,TP,0,0,-0.601779,-0.660624,-0.060653,1.039769,-1.416891
4236,0,0,0.0829517696304992,TN,0,0,-0.5038,-0.306065,1.894594,-1.335559,-0.661954
4240,1,1,0.988680301351088,TP,0,0,-0.165096,-0.95853,0.885227,-1.173864,0.632486
4241,0,0,0.0168504025616419,TN,0,0,-0.116366,2.707401,-1.596539,-0.074915,-0.380993
4242,0,0,0.0342665150988227,TN,0,0,2.5393,-0.964316,-0.678886,-0.360579,0.057172
4250,1,1,0.745251529578638,TP,0,0,-0.619308,-0.522952,0.307475,0.857969,-0.742733
4255,0,0,0.00668492983503727,TN,0,0,-0.382595,2.28307,-1.500475,-0.878591,-0.136583
4260,0,0,0.109105047022799,TN,0,0,-0.8844,-1.141479,-0.35172,-1.155335,-0.136583
4273,0,0,0.0332299857507915,TN,0,0,1.011033,0.769577,-1.166389,-0.686034,-0.311901
4283,0,0,0.03474988612805,TN,0,0,-0.544879,0.085146,0.33303,0.112382,-0.506858
4290,0,0,0.0445425252355157,TN,0,0,-0.698063,0.038392,2.049052,-1.302561,-0.856803
4292,0,0,0.0169622861294261,TN,0,0,1.398442,-0.755949,-0.934913,-0.402027,-0.04345
4294,1,1,0.908763418821331,TP,0,0,-0.677958,-0.552341,0.278904,2.143618,-1.625186
4295,0,1,0.820084699138898,FP,0,0,-0.650594,-0.810359,-0.116135,1.017033,-0.136583
4318,0,0,0.0446709612875148,TN,0,0,0.215196,0.898604,-0.171756,1.011723,-0.826087
4319,0,0,0.0435188102515177,TN,0,0,1.883961,-0.28275,-1.129481,-0.272501,0.210616
4328,0,0,0.00797693090523964,TN,0,0,-0.002035,-0.544386,-0.586728,-0.58333,-0.044813
4331,0,0,0.247101979763075,TN,0,0,-0.811715,-0.783345,0.565646,2.69585,-1.611296
4348,0,0,0.0317183471053807,TN,0,0,0.290551,0.401987,-1.132626,-0.666268,-0.250592
4349,0,0,0.0267225538274973,TN,0,0,2.086912,-0.702851,-0.64942,-0.370254,-0.229009
4350,1,1,0.991556061127288,TP,0,0,-0.200134,-0.468402,1.070546,0.745727,2.333637
4355,1,1,0.822618623504666,TP,0,0,0.246113,0.16843,0.689459,-1.014188,1.801377
4357,0,0,0.0650335294639903,TN,0,0,-0.694531,0.321863,1.346191,0.631839,-0.136583
4360,0,0,0.0393993637288971,TN,0,0,-0.801138,-0.470711,1.161152,-1.547506,-0.849783
4362,0,0,0.00223869030071934,TN,0,0,-0.71734,-0.087017,1.093973,-1.253777,-0.136583
4371,0,0,0.120434911688359,TN,0,0,-0.408042,1.548972,0.823159,0.466916,-0.555365
4374,0,0,0.195770548535768,TN,0,0,-0.644448,-0.257475,2.157294,-1.545763,0.994191
4375,0,0,0.00262329595283788,TN,0,0,0.911141,-0.496324,-0.358269,-0.665482,-0.232652
4377,0,0,0.0349115338795103,TN,0,0,1.648614,-0.339014,-0.45834,-0.041464,0.93489
4380,0,0,0.0523258292474809,TN,0,0,3.258129,-1.799102,-0.459332,-0.219615,-0.263862
4385,0,0,0.0311275755379354,TN,0,0,1.026474,1.097392,-0.271259,-0.221868,-0.365742
4389,1,1,0.833979757242925,TP,0,0,-0.40195,0.021954,1.82547,-1.456159,1.237061
4393,0,0,0.0199742362839714,TN,0,0,-0.315448,1.553143,0.207598,0.100989,-0.485086
4410,0,0,0.00738155659562388,TN,0,0,-0.797229,-0.714658,0.833867,2.160429,-0.136583
4426,0,0,0.0348212580908272,TN,0,0,-0.484698,2.918821,-1.673359,-0.953356,-0.136583
4432,0,0,0.0433508598829328,TN,0,0,-0.427611,1.177845,0.543127,0.399896,-0.562622
4440,0,0,0.0555546306715977,TN,0,0,1.288244,-0.43129,-0.443242,-0.10553,1.856379
4445,0,0,0.0173340834742091,TN,0,0,-0.653874,-0.128295,1.155361,-1.443317,-0.65984
4455,0,0,0.000836979294656436,TN,0,0,-0.699393,0.2402,0.828194,-1.157139,-0.136583
4461,0,0,0.272734899619297,TN,0,0,-0.808238,-1.11393,-0.32059,0.281321,-1.625863
4464,0,0,0.00281058342930728,TN,0,0,-0.523934,0.621314,0.39914,-1.063343,-0.136583
4465,1,1,0.776443469938837,TP,0,0,-0.178498,-0.752657,1.161423,0.839463,0.84111
4470,0,0,0.15939253759374,TN,0,0,-0.360839,-1.010631,-0.10784,-0.69625,-0.136583
4475,0,0,0.0416866174784044,TN,0,0,-0.171715,1.122091,-1.360117,-0.775036,-0.136583
4483,0,0,0.00873715211498117,TN,0,0,0.250329,-0.257745,-0.549038,-0.252008,-0.292244
4484,0,0,0.0467225018527319,TN,0,0,-0.688566,-0.240896,-0.492776,0.101285,0.811225
4488,0,0,0.0717266360731406,TN,0,0,1.372124,1.234445,-1.266147,-0.112173,0.789633
4490,0,0,0.0531580663718802,TN,0,0,-0.207485,0.851322,0.086911,-0.799655,-0.350119
4491,1,1,0.749504565390039,TP,0,0,-0.686074,-1.01101,-0.249965,1.658264,2.814371
4493,0,0,0.042686257826831,TN,0,0,-0.613847,-0.27033,1.752607,-1.332749,-0.748393
4500,0,0,0.20515566087903,TN,0,0,-0.488272,-0.368529,1.552873,-1.199643,-0.668857
4502,0,0,0.0020866129819453,TN,0,0,0.962426,-0.308781,-0.283913,-0.673158,-0.22656
4507,0,0,0.0135990442487584,TN,0,0,0.641429,0.920835,-1.210943,-0.23196,0.2635
4512,1,1,0.667369951640933,TP,0,0,-0.752658,-0.738453,0.941006,0.650864,-0.875712
4514,0,0,0.164780475752854,TN,0,0,-0.678543,-1.041261,-0.377648,1.259522,3.412785
4527,0,1,0.711109813105606,FP,0,0,-1.072772,-2.124521,-2.088447,-2.206858,-1.236334
4538,0,0,0.228211167607008,TN,0,0,-0.529329,-0.470309,1.411133,-1.281464,-0.691821
4545,0,0,0.00730357009510581,TN,0,0,0.555803,1.154498,-1.276459,-0.231573,0.108984
4546,1,1,0.913828915370197,TP,0,0,-0.629644,-0.851757,-0.412108,1.210359,1.20367
4551,0,1,0.734190811297459,FP,0,0,-0.7809,-0.897273,0.389782,0.638237,1.288427
4553,0,0,0.00501901129058249,TN,0,0,-0.212261,1.395351,0.438214,-0.924734,-0.136583
4554,0,0,0.0123272756016128,TN,0,0,-0.538024,0.475366,-0.241592,-0.746541,-0.343905
4556,0,0,0.191334622367806,TN,0,0,1.051942,-0.871434,1.663999,-1.23635,-0.515592
4558,0,0,0.0263924375685164,TN,0,0,1.03267,0.811066,-1.105888,-0.613252,-0.267193
4562,0,0,0.0127730266510157,TN,0,0,0.632183,0.181461,-0.191618,1.631887,-0.891328
4565,0,0,0.0327376335244438,TN,0,0,2.081345,-0.025011,-0.42304,0.590883,-0.500828
4569,0,0,0.0275151747906426,TN,0,0,-0.003539,1.155555,-1.184129,-0.714452,-0.344231
4572,0,0,0.0501729907792966,TN,0,0,2.61773,-1.796742,-0.352925,-0.236889,-0.279557
4585,0,0,0.0153497881215045,TN,0,0,1.130826,0.288798,-1.056082,-0.645583,0.016168
4592,0,0,0.0888289985338306,TN,0,0,-0.288167,0.642969,0.567375,-0.964956,-0.405699
4594,0,0,0.305586799163407,TN,0,0,-0.123155,1.679104,0.759772,-1.050783,-0.481977
4601,1,0,0.150249271429335,FN,0,0,0.0346,0.797659,0.051337,1.099466,-0.911595
4602,0,0,0.00727410507512922,TN,0,0,-0.603048,0.793441,0.974288,0.371867,-0.68334
4603,1,1,0.982250853700859,TP,0,0,-0.511936,-0.640053,0.143512,1.516336,1.972844
4608,0,0,0.00632965760242981,TN,0,0,-0.032537,0.142463,-1.083358,-0.651189,-0.136583
4616,1,0,0.239873060320875,FN,0,0,-0.5222,2.002067,-1.298335,1.040259,-0.812696
4627,0,0,0.379450187856697,TN,0,0,-0.818058,-0.909766,0.164888,1.599635,-0.136583
4634,1,0,0.0361735478824666,FN,0,1,-0.609094,-0.620836,2.017672,-1.456233,0.719276
4637,1,0,0.293818206463424,FN,0,0,-0.515425,-0.048359,0.791109,0.577958,-0.782014
4639,0,0,0.00149354022506115,TN,0,0,0.679066,0.196384,-0.316678,-0.682174,-0.290276
4647,1,1,0.991283982874474,TP,0,0,-0.547457,-0.537886,-0.048263,0.999771,2.198462
4650,1,1,0.993921700277556,TP,0,0,-0.148865,-0.519594,1.357126,-1.352991,-1.324154
4651,0,0,0.0689381067834734,TN,0,0,0.831233,0.53676,-1.184213,0.043518,2.118478
4659,0,0,0.00795872533649346,TN,0,0,-0.629073,0.134108,0.401809,0.067683,-0.136583
4660,0,0,0.259012975562859,TN,0,0,-0.114934,-0.88933,0.114237,2.037182,-1.114826
4661,1,1,0.797550006022014,TP,0,0,0.227446,-0.901592,1.076305,0.562376,-0.5527
4662,0,0,0.0513565099741048,TN,0,0,2.434157,-0.867105,0.538729,-0.915314,-0.383036
4663,1,1,0.956588558981407,TP,0,0,-0.605866,-0.481822,0.98839,-1.265387,0.743521
4665,1,1,0.802867188770062,TP,0,0,-0.753427,-0.640446,-0.254034,-0.057605,1.427567
4681,0,0,0.0268687421668954,TN,0,0,-0.195657,1.293748,-1.370022,-0.135883,0.120203
4687,0,0,0.173134584799722,TN,0,0,-0.733619,-1.052651,-0.255451,-1.490725,2.533943
4694,0,0,0.0276976984249555,TN,0,0,-0.275993,2.34168,-1.378767,0.381275,-0.57132
4696,0,0,0.0454124282756078,TN,0,0,1.343838,0.262795,-1.171398,-0.221757,-0.311703
4702,0,0,0.027306523747646,TN,0,0,0.697174,0.584536,-1.235624,-0.665889,-0.136583
4709,1,1,0.50607165996811,TP,1,0,0.403788,0.144166,1.233821,0.385955,0.514469
4724,0,0,0.0597533391365974,TN,0,0,-1.210694,2.065306,-1.496952,-0.915507,-0.433042
4727,0,0,0.0589773001510552,TN,0,0,3.439827,-1.83872,-0.964791,-0.609313,-0.249927
4741,1,0,0.265731918122858,FN,0,0,-0.794892,-1.227628,-0.570705,0.064353,1.334125
4749,0,0,0.0135856436135131,TN,0,0,0.178497,0.818598,-1.311036,-0.129793,0.334114
4753,0,0,0.0410139313075396,TN,0,0,2.691548,-0.844333,-0.608997,-0.584774,-0.203144
4762,0,0,0.0147921093047632,TN,0,0,0.787971,1.024483,-1.211191,-0.873926,1.158739
4767,0,0,0.00579089189717065,TN,0,0,-0.707745,0.251456,1.160223,0.395911,-0.136583
4769,1,1,0.923635929680592,TP,0,0,-1.028493,-0.892301,-0.022815,1.482966,-1.859145
4777,1,0,0.306767071320275,FN,0,0,-0.183794,0.47761,0.3392,-0.966573,-0.412056
4779,0,0,0.261830763265684,TN,0,0,0.374757,1.76663,0.130373,-0.049603,-0.136583
4788,0,0,0.0128512077542514,TN,0,0,1.444289,0.100574,-1.056513,-0.63022,-0.243201
4789,1,1,0.928057574435703,TP,0,0,-0.786767,-0.83785,-0.151852,0.893397,0.815827
4790,0,0,0.0819299781207999,TN,0,0,-0.247858,0.898839,1.731071,-1.272194,-0.695513
4793,0,1,0.512915366178021,FP,1,0,-0.635389,-0.268932,0.811153,0.493479,0.576823
4794,0,0,0.0390845606840063,TN,0,0,0.778154,0.346938,-0.028268,-0.117806,0.448313
4797,0,0,0.298877171875804,TN,0,0,-0.179302,1.429932,-0.15545,1.205664,-0.770945
4803,0,0,0.00690994959283262,TN,0,0,0.193369,0.499795,-1.126083,-0.683921,0.05934
4804,0,0,0.0844285476578739,TN,0,0,-0.099273,1.277897,0.378987,-0.934664,-0.432057
4806,1,1,0.85300860352172,TP,0,0,-0.773473,-0.031345,-0.227327,0.813865,1.738489
4808,1,1,0.938913104345813,TP,0,0,-0.667809,-0.625273,0.385741,1.68267,-1.493057
4809,1,1,0.683322254069386,TP,0,0,-1.449351,-2.349322,0.30433,-1.165552,-0.691721
4812,0,0,0.0567736914082789,TN,0,0,-0.10832,1.694544,0.395552,0.021506,-0.455695
4823,0,1,0.805582418396946,FP,0,0,-0.273152,1.881053,0.016051,0.811906,-0.794535
4827,0,0,0.00472408172455288,TN,0,0,-0.704067,0.059589,1.109749,-1.250657,-0.561256
4828,0,0,0.109018065042759,TN,0,0,-0.585825,-0.040616,0.300667,0.120059,-1.073395
4836,0,0,0.0349558730198075,TN,0,0,1.949907,-1.101074,-0.391788,-0.621168,-0.257544
4839,0,0,0.0323233012508648,TN,0,0,-0.147032,1.306708,-1.459152,-0.108489,0.139556
4848,1,1,0.800661547105973,TP,0,0,-0.440276,-0.779079,1.62686,0.658067,0.908746
4864,0,0,0.00888016647587825,TN,0,0,0.515709,0.980256,-1.273593,-0.232944,0.151753
4867,0,0,0.0491087609836039,TN,0,0,-0.620347,0.148937,0.498467,0.086997,0.344832
4869,0,0,0.0100694345914301,TN,0,0,-0.27877,2.240899,-1.493434,-0.015521,-0.436702
4876,1,1,0.986904223755138,TP,0,0,-0.133976,-0.317869,0.997121,1.358049,-2.082846
4879,0,0,0.00283773577750756,TN,0,0,-0.205594,0.882812,0.91557,-0.996418,-0.136583
4880,0,0,0.0816541984849477,TN,0,0,-0.547246,-0.012474,1.577845,-1.379537,0.71408
4886,1,1,0.733575266102887,TP,0,0,0.758835,0.528606,0.260275,0.371532,1.739357
4887,1,1,0.965416531191938,TP,0,0,-0.353998,-0.125075,0.215061,1.10165,2.873072
4888,0,0,0.139223155252781,TN,0,0,-0.688146,-0.925685,0.953876,0.985371,1.087868
4899,1,1,0.918858399721797,TP,0,0,-0.292897,-0.412486,0.756379,-1.274392,-0.991249
4902,0,0,0.0113998709614981,TN,0,0,-0.367194,1.558137,-1.450031,-0.113068,-0.410652
4905,0,0,0.0494029877860371,TN,0,0,2.410866,-1.084284,-0.946349,-0.594141,-0.015135
4907,1,1,0.811579507291576,TP,0,0,-0.739644,-0.825859,-0.249858,0.925147,-0.136583
4908,0,0,0.0124722674220832,TN,0,0,-0.644967,0.21697,0.070467,-0.021854,-0.380286
4916,0,0,0.0379854124443237,TN,0,0,1.647589,-0.643587,-0.399418,-0.77104,0.624299
4934,0,0,0.0144262821853409,TN,0,0,-0.552458,1.91091,-1.530063,0.274986,1.8044
4938,0,0,0.0237431297476956,TN,0,0,-0.348382,2.102342,0.2451,0.068493,-0.136583
4940,0,0,0.0537482432462009,TN,0,0,0.058849,0.534669,-0.282716,-0.114539,-0.651357
4945,0,0,0.053621911540733,TN,0,0,1.171572,1.343604,-1.185957,-0.68024,-0.30562
4952,0,0,0.0283037568347444,TN,0,0,1.873329,-0.326083,-0.508659,-0.199559,0.630224
4958,1,1,0.843203511253931,TP,0,0,-0.100119,-0.781392,1.346245,-1.370956,0.582893
4960,0,0,0.245149798159474,TN,0,0,-0.782606,-0.661448,1.066051,-0.500597,-0.136583
4963,0,0,0.0502183513868565,TN,0,0,1.848071,-1.738432,-0.592977,-0.252,-0.252345
4979,0,0,0.0177595203099296,TN,0,0,-0.39987,1.505191,-1.309631,-0.779346,-0.136583
4980,0,0,0.0126392865611999,TN,0,0,-0.561326,0.647199,0.779028,-1.015572,-0.586966
4981,1,0,0.0649816534311385,FN,0,1,-0.54072,0.857032,0.453687,0.139453,-0.771977
4988,0,0,0.016593951029176,TN,0,0,-0.026277,0.08531,-1.177444,-0.627501,-0.244455
4990,1,1,0.934618946186301,TP,0,0,-0.155185,-0.222683,0.449765,0.816175,3.0608
5001,1,1,0.957415565400632,TP,0,0,-0.71991,-0.617057,0.132606,-0.92725,2.017648
5009,0,0,0.223054733669349,TN,0,0,-0.802206,-0.821653,0.661763,1.1765,-0.883854
5011,0,0,0.172177521752691,TN,0,0,0.691829,1.824276,-0.029684,-0.772301,-0.364071
5016,0,0,0.0038769902974081,TN,0,0,-0.174786,0.842286,1.021088,-1.040297,-0.136583
5018,0,0,0.172353349222408,TN,0,0,-0.782123,-0.551686,-0.39861,0.3435,-1.758779
5019,0,0,0.0722049330887783,TN,0,0,-0.465177,0.052234,0.093045,0.081032,-0.393424
5020,0,0,0.0595182905299375,TN,0,0,3.153393,-1.879251,-0.947759,-0.577693,-0.021412
5028,0,0,0.034199783220702,TN,0,0,2.008948,-1.041774,-0.501697,-0.601933,-0.230067
5032,0,0,0.00100248794911116,TN,0,0,-0.717154,-0.063693,1.344418,-1.186485,-0.136583
5036,0,0,0.0555819474019025,TN,0,0,-0.127584,0.587826,0.023219,-1.009064,2.673497
5040,0,0,0.133405887797178,TN,0,0,-0.513469,-0.32468,1.985266,-1.282239,-0.711079
5043,0,0,0.107579468083287,TN,0,0,0.954915,0.63129,-1.199332,0.008597,1.647908
5053,0,0,0.0389885223868914,TN,0,0,2.345922,-0.795415,-0.968147,-0.277418,0.046065
5055,0,0,0.157719646295665,TN,0,0,-0.479948,-0.255372,1.290941,-1.172431,-0.583219
5059,0,0,0.0193612243176185,TN,0,0,1.465809,-0.400394,-0.654363,-0.342997,0.008257
5065,1,1,0.777866695519477,TP,0,0,-0.672127,-1.015164,0.734313,1.661314,3.576713
5070,0,0,0.0204968724701754,TN,0,0,-0.317654,1.109131,1.436159,-1.249696,-0.649236
5072,0,0,0.330174605029771,TN,0,0,-0.846897,-0.919975,-0.479842,0.133597,1.597844
5073,1,1,0.513096972028877,TP,1,0,-0.79163,-0.795158,-0.26749,-1.301996,-0.136583
5086,1,1,0.682509733317894,TP,0,0,0.153769,-0.992884,1.315091,-1.296251,0.453686
5093,0,0,0.108506670574951,TN,0,0,-0.240961,1.361863,0.155967,0.032699,0.254632
5099,1,1,0.800621130258837,TP,0,0,-0.255751,-0.791699,0.8213,0.51462,0.608616
5100,0,0,0.00401159952848355,TN,0,0,0.225874,0.602855,-1.176574,-0.241538,0.100695
5102,0,0,0.0273593935440734,TN,0,0,-0.258297,2.521527,-1.482107,0.311868,-0.469521
5109,1,1,0.97656956361417,TP,0,0,-0.525803,-0.576878,0.332728,1.48505,-1.499548
5129,0,0,0.0541413634222714,TN,0,0,2.46667,-1.059718,0.653097,-0.860608,-0.365532
5131,0,0,0.105337409240056,TN,0,0,-0.585763,-0.295087,1.165799,-1.17867,-0.666669
5132,0,0,0.0740021797956394,TN,0,0,-0.657629,0.103276,-1.115676,-0.900167,0.624481
5136,0,0,0.0366964899372579,TN,0,0,0.44111,1.223412,-1.325362,-0.714305,-0.321044
5137,1,1,0.87638900158385,TP,0,0,-0.774167,-0.72326,0.163015,2.070526,-1.557412
5140,1,1,0.847362229689784,TP,0,0,-0.539401,-0.207279,1.610392,-1.222383,-1.255475
5157,0,0,0.118813475580251,TN,0,0,-0.673426,-0.879202,-0.107958,2.35157,-1.628398
5165,0,0,0.107706619845724,TN,0,0,-0.57972,1.303007,-1.427979,-0.873963,-0.595115
5170,0,0,0.125698747517657,TN,0,0,-0.474025,-0.186234,1.311785,-1.169833,-0.55451
5175,0,0,0.00937993943951315,TN,0,0,-0.671797,-0.826862,1.212901,1.495357,-1.130134
5187,0,0,0.0616605254295184,TN,0,0,0.604491,0.348418,-0.29016,0.148377,1.667383
5202,1,1,0.683931072895134,TP,0,0,0.678566,-0.430483,0.781556,1.237502,-1.268948
5203,0,0,0.00633646907963097,TN,0,0,-0.107397,0.355421,-0.216797,-0.204265,0.235643
5204,1,0,0.401029408290717,FN,0,0,-0.792935,-0.714992,0.476304,1.417231,-0.136583
5213,1,0,0.140710992116859,FN,0,0,-0.158328,-2.750045,0.824942,-1.596663,-0.739889
5218,0,0,0.0394541619342036,TN,0,0,-2.078774,0.078918,-1.182173,-0.721848,-0.396723
5221,0,0,0.0421801041712377,TN,0,0,0.23894,1.344332,-1.371681,-0.176578,0.618166
5222,0,0,0.0303259904585439,TN,0,0,2.012534,-0.57939,-0.510259,0.436824,-0.543934
5225,0,0,0.039390077155518,TN,0,0,0.236704,1.083069,-0.254048,-0.780747,-0.136583
5228,1,0,0.146127091512505,FN,0,0,-0.630368,0.436262,1.179403,0.948951,-0.794372
5234,1,0,0.121548476446875,FN,0,0,-0.256329,2.112529,0.181303,0.240521,-0.579193
5235,0,0,0.0418123870845558,TN,0,0,-0.830923,-0.89742,0.477006,2.413175,-0.136583
5244,1,1,0.822936211320238,TP,0,0,-0.020629,-0.783026,1.385459,-1.197633,0.500165
5245,1,1,0.692859002748462,TP,0,0,-0.840163,-0.968822,-0.020359,-0.500597,-0.136583
5246,1,1,0.804834268667436,TP,0,0,-0.833642,-0.802504,-0.468295,0.529243,-0.136583
5248,1,0,0.285219593316459,FN,0,0,-0.664248,-0.345967,1.427061,0.844096,-0.136583
5249,0,0,0.056469405022688,TN,0,0,2.858201,-1.125128,0.43682,-0.779982,-0.281898
5254,1,1,0.904430739000759,TP,0,0,-0.602376,-0.82756,-0.183673,1.021729,-1.653352
5260,0,0,0.0342245068656547,TN,0,0,0.196158,1.340913,-1.356432,-0.706214,-0.326723
5264,0,0,0.0686826431052549,TN,0,0,-0.781572,-0.123806,0.469572,-0.927492,-0.430107
5265,1,0,0.494044367896859,FN,1,0,-0.528952,0.113734,0.216577,0.228779,0.525428
5270,1,0,0.0387181564165587,FN,0,1,0.634873,-0.529634,0.638315,-1.142202,-0.79663
5274,0,1,0.660894290031536,FP,0,0,0.198756,1.781424,-0.051826,0.545683,-0.525069
5286,0,0,0.0563043135614697,TN,0,0,-0.020987,1.897902,0.34161,-0.951619,-0.136583
5295,0,0,0.0310788727151846,TN,0,0,2.404392,-0.268697,-0.449282,-0.225345,-0.545819
5296,1,1,0.939816920952597,TP,0,0,0.460371,0.644391,1.313276,-1.000308,-0.415207
5301,1,1,0.874292596669157,TP,0,0,-0.726903,-0.789507,-0.221,0.781638,-0.136583
5302,0,0,0.195726458622732,TN,0,0,-0.548966,-0.041356,0.948981,0.540803,-0.841738
5311,1,1,0.818577318717721,TP,0,0,-0.296582,1.670479,0.19668,0.457782,1.118963
5316,0,0,0.271481217320642,TN,0,0,-0.844368,-1.077315,-0.220432,-0.7807,-0.93528
5324,1,0,0.0106387814461836,FN,0,1,-0.6553,-0.030146,1.378165,-1.187749,-0.643225
5327,1,1,0.851007125538175,TP,0,0,-0.25205,-0.832176,0.813952,0.646603,0.76153
5335,1,1,0.705687272604338,TP,0,0,-0.57868,-0.659791,-0.006897,2.373289,3.554632
5346,1,1,0.760747144724942,TP,0,0,-0.439383,-0.868429,0.330685,2.142011,-0.136583
5348,0,0,0.00981165852555051,TN,0,0,-1.09965,0.006021,0.744093,0.220672,-0.136583
5352,0,0,0.0399196677443464,TN,0,0,1.401889,0.333731,-1.23743,-0.250626,-0.359778
5355,0,0,0.0435791780677711,TN,0,0,-0.273193,2.170622,-1.281456,-0.121654,1.337419
5359,1,1,0.681879960998632,TP,0,0,-0.796319,-0.901881,-0.411922,-0.965075,1.80301
5379,0,0,0.436992981280146,TN,0,0,-0.432782,-0.271058,1.286359,-1.459677,-0.841255
5380,0,0,0.0365706291980975,TN,0,0,2.255742,-1.166675,-0.655144,-0.25763,-0.246113
5387,0,0,0.0416110809493556,TN,0,0,2.810305,-0.414121,-0.295323,-0.023083,-0.347626
5389,1,0,0.105014935831979,FN,0,0,-0.216926,-0.536412,1.583302,-1.328197,-0.136583
5392,0,1,0.779315262142059,FP,0,0,-0.708189,-0.847144,0.081916,2.248071,-0.136583
5393,0,0,0.00811814884413995,TN,0,0,0.545998,-0.630504,-0.69341,-0.381863,0.046922
5398,0,0,0.0615820319185939,TN,0,0,0.802632,0.406734,-0.116728,0.504497,1.499814
5400,0,0,0.124463535022881,TN,0,0,-0.658318,1.33176,-0.081621,1.794253,-1.082181
5404,1,1,0.943873830756455,TP,0,0,-0.794604,-0.640053,0.632221,0.72028,-1.231182
