Configuration,Family,MeanBA,StdAcrossFolds,StdAcrossFoldSeed
SVM C=0.1 gamma=0.01 prior=empirical,SVM,0.608946877475789,0.0125349915738019,0.0125349915738019
SVM C=0.1 gamma=0.01 prior=uniform,SVM,0.757346827037435,0.0170483656135959,0.0170483656135959
SVM C=0.1 gamma=0.1 prior=empirical,SVM,0.753480889007259,0.0212728240785238,0.0212728240785238
SVM C=0.1 gamma=0.1 prior=uniform,SVM,0.796350393708766,0.00682058197220284,0.00682058197220284
SVM C=0.1 gamma=1 prior=empirical,SVM,0.754624381637898,0.0201258847400669,0.0201258847400669
SVM C=0.1 gamma=1 prior=uniform,SVM,0.839197376116076,0.0136566853338848,0.0136566853338848
SVM C=0.1 gamma=10 prior=empirical,SVM,0.505252135574538,1.509293352181e-05,1.509293352181e-05
SVM C=0.1 gamma=10 prior=uniform,SVM,0.809286546320507,0.0338727455235436,0.0338727455235436
SVM C=1 gamma=0.01 prior=empirical,SVM,0.729227005149032,0.0209518877485678,0.0209518877485678
SVM C=1 gamma=0.01 prior=uniform,SVM,0.777500049698803,0.0143046989138885,0.0143046989138885
SVM C=1 gamma=0.1 prior=empirical,SVM,0.791721372930435,0.022775742206492,0.022775742206492
SVM C=1 gamma=0.1 prior=uniform,SVM,0.837054685453582,0.00880333210852503,0.00880333210852503
SVM C=1 gamma=1 prior=empirical,SVM,0.826220494604532,0.00628132239948128,0.00628132239948128
SVM C=1 gamma=1 prior=uniform,SVM,0.856308671462086,0.0133880409067803,0.0133880409067803
SVM C=1 gamma=10 prior=empirical,SVM,0.787671813585596,0.016115183876244,0.016115183876244
SVM C=1 gamma=10 prior=uniform,SVM,0.818174154247819,0.018994557781927,0.018994557781927
SVM C=10 gamma=0.01 prior=empirical,SVM,0.742531584143099,0.0213149665628007,0.0213149665628007
SVM C=10 gamma=0.01 prior=uniform,SVM,0.800719249727837,0.0103128949159039,0.0103128949159039
SVM C=10 gamma=0.1 prior=empirical,SVM,0.81441488320582,0.0244411011287377,0.0244411011287377
SVM C=10 gamma=0.1 prior=uniform,SVM,0.848570151059115,0.0110984950225411,0.0110984950225411
SVM C=10 gamma=1 prior=empirical,SVM,0.854886632554059,0.00324886941622713,0.00324886941622713
SVM C=10 gamma=1 prior=uniform,SVM,0.859897824923728,0.00640728410407208,0.00640728410407208
SVM C=10 gamma=10 prior=empirical,SVM,0.80163833984328,0.0221424199005522,0.0221424199005522
SVM C=10 gamma=10 prior=uniform,SVM,0.801473793588528,0.0221835145494904,0.0221835145494904
