Fold,Sigma,Seed,BA,F1
1,0,101,0.861204320845783,0.793969849246231
1,0,102,0.861204320845783,0.793969849246231
1,0,103,0.861204320845783,0.793969849246231
1,0,104,0.861204320845783,0.793969849246231
1,0,105,0.861204320845783,0.793969849246231
1,0,106,0.861204320845783,0.793969849246231
1,0,107,0.861204320845783,0.793969849246231
1,0,108,0.861204320845783,0.793969849246231
1,0,109,0.861204320845783,0.793969849246231
1,0,110,0.861204320845783,0.793969849246231
1,0.1,101,0.837324752930361,0.762626262626263
1,0.1,102,0.829039301310044,0.746928746928747
1,0.1,103,0.842840726269823,0.764705882352941
1,0.1,104,0.84348425649276,0.767326732673267
1,0.1,105,0.845667662606297,0.771144278606965
1,0.1,106,0.852470696391634,0.778325123152709
1,0.1,107,0.846311192829235,0.773869346733668
1,0.1,108,0.863835899793151,0.796992481203007
1,0.1,109,0.860365433233739,0.787286063569682
1,0.1,110,0.838473914042749,0.757281553398058
1,0.25,101,0.795977936106642,0.702439024390244
1,0.25,102,0.77979774764422,0.679425837320574
1,0.25,103,0.768627901631809,0.665071770334928
1,0.25,104,0.768823259020915,0.666666666666667
1,0.25,105,0.813111928292347,0.72
1,0.25,106,0.805217191450241,0.710900473933649
1,0.25,107,0.800850379223167,0.704225352112676
1,0.25,108,0.818570443576189,0.728571428571429
1,0.25,109,0.781532980923926,0.682808716707022
1,0.25,110,0.804964376005516,0.713592233009709
1,0.5,101,0.721569754079522,0.604215456674473
1,0.5,102,0.722466099747185,0.605080831408776
1,0.5,103,0.701861641002068,0.579439252336449
1,0.5,104,0.6961503102735,0.57210401891253
1,0.5,105,0.740438979544932,0.627002288329519
1,0.5,106,0.720673408411859,0.60332541567696
1,0.5,107,0.723167088025741,0.605381165919282
1,0.5,108,0.731395081590439,0.617224880382775
1,0.5,109,0.703654332337394,0.581818181818182
1,0.5,110,0.741277867156975,0.629107981220657
2,0,101,0.857871803692237,0.784313725490196
2,0,102,0.857871803692237,0.784313725490196
2,0,103,0.857871803692237,0.784313725490196
2,0,104,0.857871803692237,0.784313725490196
2,0,105,0.857871803692237,0.784313725490196
2,0,106,0.857871803692237,0.784313725490196
2,0,107,0.857871803692237,0.784313725490196
2,0,108,0.857871803692237,0.784313725490196
2,0,109,0.857871803692237,0.784313725490196
2,0,110,0.857871803692237,0.784313725490196
2,0.1,101,0.832094943240454,0.746411483253589
2,0.1,102,0.82901043458319,0.743961352657005
2,0.1,103,0.845252837977296,0.761229314420804
2,0.1,104,0.851335855979819,0.772946859903382
2,0.1,105,0.831005618621718,0.744630071599045
2,0.1,106,0.833637197569086,0.747619047619048
2,0.1,107,0.850882926269923,0.773722627737226
2,0.1,108,0.846978557504873,0.76555023923445
2,0.1,109,0.833906662080037,0.744186046511628
2,0.1,110,0.840809540190345,0.760975609756098
2,0.25,101,0.768925581928678,0.662068965517241
2,0.25,102,0.773466345602569,0.669811320754717
2,0.25,103,0.806954477697512,0.712264150943396
2,0.25,104,0.778460038986355,0.677884615384615
2,0.25,105,0.749598669877308,0.639810426540284
2,0.25,106,0.788802889576883,0.688524590163934
2,0.25,107,0.779818828116042,0.677647058823529
2,0.25,108,0.78245040706341,0.68075117370892
2,0.25,109,0.789708748996675,0.688221709006928
2,0.25,110,0.76729732828804,0.663461538461538
2,0.5,101,0.664103887168903,0.533029612756264
2,0.5,102,0.65458089668616,0.517985611510791
2,0.5,103,0.732719871574361,0.618705035971223
2,0.5,104,0.728632037610366,0.612529002320186
2,0.5,105,0.683075335397317,0.555294117647059
2,0.5,106,0.680896686159844,0.552693208430913
2,0.5,107,0.699501203990368,0.576112412177986
2,0.5,108,0.678718036922371,0.55011655011655
2,0.5,109,0.724727668845316,0.607305936073059
2,0.5,110,0.687885563582158,0.561320754716981
3,0,101,0.860753560895311,0.780373831775701
3,0,102,0.860753560895311,0.780373831775701
3,0,103,0.860753560895311,0.780373831775701
3,0,104,0.860753560895311,0.780373831775701
3,0,105,0.860753560895311,0.780373831775701
3,0,106,0.860753560895311,0.780373831775701
3,0,107,0.860753560895311,0.780373831775701
3,0,108,0.860753560895311,0.780373831775701
3,0,109,0.860753560895311,0.780373831775701
3,0,110,0.860753560895311,0.780373831775701
3,0.1,101,0.841337250508699,0.758293838862559
3,0.1,102,0.845926975925376,0.768856447688564
3,0.1,103,0.855083563867487,0.775413711583924
3,0.1,104,0.845704062735774,0.76555023923445
3,0.1,105,0.855083563867487,0.775413711583924
3,0.1,106,0.847664555659709,0.765957446808511
3,0.1,107,0.848098950593292,0.765258215962441
3,0.1,108,0.869275703605478,0.8
3,0.1,109,0.852031367886783,0.77326968973747
3,0.1,110,0.847007247536523,0.763466042154567
3,0.25,101,0.786786392007133,0.688836104513064
3,0.25,102,0.766066896819772,0.665024630541872
3,0.25,103,0.811661217677587,0.720379146919431
3,0.25,104,0.79921808911955,0.702325581395349
3,0.25,105,0.781550789912892,0.682577565632458
3,0.25,106,0.790061501177439,0.69377990430622
3,0.25,107,0.795074190082078,0.697892271662763
3,0.25,108,0.790730240746245,0.700251889168766
3,0.25,109,0.790061501177439,0.69377990430622
3,0.25,110,0.807505887194495,0.711009174311927
3,0.5,101,0.698204119893002,0.574938574938575
3,0.5,102,0.700164612816937,0.577669902912621
3,0.5,103,0.73769404878941,0.626506024096386
3,0.5,104,0.717831912023595,0.600472813238771
3,0.5,105,0.708663892635863,0.588785046728972
3,0.5,106,0.694048789409909,0.570071258907363
3,0.5,107,0.698404170191362,0.576036866359447
3,0.5,108,0.702348018930474,0.580487804878049
3,0.5,109,0.69928439150415,0.576832151300236
3,0.5,110,0.68269736390864,0.55607476635514
4,0,101,0.850951096275635,0.779156327543424
4,0,102,0.850951096275635,0.779156327543424
4,0,103,0.850951096275635,0.779156327543424
4,0,104,0.850951096275635,0.779156327543424
4,0,105,0.850951096275635,0.779156327543424
4,0,106,0.850951096275635,0.779156327543424
4,0,107,0.850951096275635,0.779156327543424
4,0,108,0.850951096275635,0.779156327543424
4,0,109,0.850951096275635,0.779156327543424
4,0,110,0.850951096275635,0.779156327543424
4,0.1,101,0.817788472530236,0.737373737373737
4,0.1,102,0.827379455405931,0.744525547445255
4,0.1,103,0.82084066851094,0.74
4,0.1,104,0.843309174878255,0.765853658536585
4,0.1,105,0.822366766501292,0.741293532338308
4,0.1,106,0.836113079860079,0.759305210918114
4,0.1,107,0.822801161434875,0.740740740740741
4,0.1,108,0.831311872699422,0.752475247524752
4,0.1,109,0.824327259425227,0.742014742014742
4,0.1,110,0.828036763529116,0.746928746928747
4,0.25,101,0.761911566336679,0.657142857142857
4,0.25,102,0.75689887743204,0.652068126520681
4,0.25,103,0.76846178467729,0.666666666666667
4,0.25,104,0.784380072703994,0.683720930232558
4,0.25,105,0.764106403895837,0.663341645885287
4,0.25,106,0.759951073412744,0.655421686746988
4,0.25,107,0.752097670271383,0.645631067961165
4,0.25,108,0.768896179610874,0.666666666666667
4,0.25,109,0.757556185555225,0.653562653562654
4,0.25,110,0.781116394979309,0.682692307692308
4,0.5,101,0.635999908548435,0.497674418604651
4,0.5,102,0.676592971947232,0.547619047619048
4,0.5,103,0.670477148540204,0.540792540792541
4,0.5,104,0.702982464162418,0.581818181818182
4,0.5,105,0.685983904524566,0.558823529411765
4,0.5,106,0.673317862776927,0.543735224586288
4,0.5,107,0.663938361645214,0.5311004784689
4,0.5,108,0.675724182080066,0.545893719806763
4,0.5,109,0.666779075881936,0.533980582524272
4,0.5,110,0.708229497702279,0.588235294117647
5,0,101,0.868708342909676,0.795180722891566
5,0,102,0.868708342909676,0.795180722891566
5,0,103,0.868708342909676,0.795180722891566
5,0,104,0.868708342909676,0.795180722891566
5,0,105,0.868708342909676,0.795180722891566
5,0,106,0.868708342909676,0.795180722891566
5,0,107,0.868708342909676,0.795180722891566
5,0,108,0.868708342909676,0.795180722891566
5,0,109,0.868708342909676,0.795180722891566
5,0,110,0.868708342909676,0.795180722891566
5,0.1,101,0.844380602160423,0.765853658536585
5,0.1,102,0.84046196276718,0.75779376498801
5,0.1,103,0.837635026430706,0.75177304964539
5,0.1,104,0.836738680763043,0.752997601918465
5,0.1,105,0.841749023213054,0.762836185819071
5,0.1,106,0.837577568375086,0.758620689655172
5,0.1,107,0.844633417605148,0.761904761904762
5,0.1,108,0.826407722362675,0.74384236453202
5,0.1,109,0.857986669731096,0.779904306220096
5,0.1,110,0.828395771087106,0.744525547445255
5,0.25,101,0.783911744426569,0.688118811881188
5,0.25,102,0.778510687198345,0.676056338028169
5,0.25,103,0.80174672489083,0.703703703703704
5,0.25,104,0.774787405194208,0.671361502347418
5,0.25,105,0.80014939094461,0.707021791767555
5,0.25,106,0.776269823029189,0.67639902676399
5,0.25,107,0.769524247299471,0.665094339622642
5,0.25,108,0.786600781429556,0.687203791469194
5,0.25,109,0.802585612502873,0.707838479809976
5,0.25,110,0.772351183635946,0.669856459330144
5,0.5,101,0.699873592277637,0.576832151300236
5,0.5,102,0.686911054929901,0.559610705596107
5,0.5,103,0.715019535738911,0.595842956120092
5,0.5,104,0.704045047115606,0.582159624413146
5,0.5,105,0.685313720983682,0.556122448979592
5,0.5,106,0.694552976327281,0.569306930693069
5,0.5,107,0.683440588370489,0.555819477434679
5,0.5,108,0.700126407722363,0.577367205542725
5,0.5,109,0.706619168007355,0.585365853658537
5,0.5,110,0.703401516892668,0.581395348837209
