Model,Sigma,Seed,BA,F1
LR,0,101,0.665286454349633,0.520210896309315
LR,0,102,0.665286454349633,0.520210896309315
LR,0,103,0.665286454349633,0.520210896309315
LR,0,104,0.665286454349633,0.520210896309315
LR,0,105,0.665286454349633,0.520210896309315
LR,0,106,0.665286454349633,0.520210896309315
LR,0,107,0.665286454349633,0.520210896309315
LR,0,108,0.665286454349633,0.520210896309315
LR,0,109,0.665286454349633,0.520210896309315
LR,0,110,0.665286454349633,0.520210896309315
LR,0.1,101,0.676327463813355,0.538194444444444
LR,0.1,102,0.666208433421121,0.521891418563923
LR,0.1,103,0.664097804201413,0.517730496453901
LR,0.1,104,0.668174357405394,0.524647887323944
LR,0.1,105,0.664364475278144,0.518518518518518
LR,0.1,106,0.658977306084648,0.509734513274336
LR,0.1,107,0.670673623543128,0.528896672504378
LR,0.1,108,0.66975164447164,0.527240773286467
LR,0.1,109,0.662787188211898,0.515901060070671
LR,0.1,110,0.670406952466397,0.528169014084507
LR,0.25,101,0.673950163516916,0.53356890459364
LR,0.25,102,0.662398551293871,0.515789473684211
LR,0.25,103,0.667641015251932,0.523131672597865
LR,0.25,104,0.663442496206656,0.516814159292035
LR,0.25,105,0.663175825129925,0.516014234875445
LR,0.25,106,0.671717568455912,0.530035335689046
LR,0.25,107,0.667785720487367,0.524475524475524
LR,0.25,108,0.66975164447164,0.527240773286467
LR,0.25,109,0.655167423957399,0.50354609929078
LR,0.25,110,0.658710635007917,0.508896797153025
LR,0.5,101,0.65805532701316,0.507992895204263
LR,0.5,102,0.657544724253838,0.508710801393728
LR,0.5,103,0.651357541830149,0.497335701598579
LR,0.5,104,0.660554593150894,0.512367491166078
LR,0.5,105,0.655822731952156,0.504440497335702
LR,0.5,106,0.657156087335811,0.508650519031142
LR,0.5,107,0.655967437187592,0.506108202443281
LR,0.5,108,0.666719036180443,0.521428571428571
LR,0.5,109,0.657422758412542,0.509466437177281
LR,0.5,110,0.653224239367266,0.503424657534247
kNN,0,101,0.830566707046318,0.764516129032258
kNN,0,102,0.830566707046318,0.764516129032258
kNN,0,103,0.830566707046318,0.764516129032258
kNN,0,104,0.830566707046318,0.764516129032258
kNN,0,105,0.830566707046318,0.764516129032258
kNN,0,106,0.830566707046318,0.764516129032258
kNN,0,107,0.830566707046318,0.764516129032258
kNN,0,108,0.830566707046318,0.764516129032258
kNN,0,109,0.830566707046318,0.764516129032258
kNN,0,110,0.830566707046318,0.764516129032258
kNN,0.1,101,0.814671870542562,0.742301458670989
kNN,0.1,102,0.825590914164989,0.754358161648177
kNN,0.1,103,0.823480284945281,0.753205128205128
kNN,0.1,104,0.811395330568774,0.736334405144695
kNN,0.1,105,0.824280298175474,0.751974723538705
kNN,0.1,106,0.819015094823274,0.746794871794872
kNN,0.1,107,0.809040769666475,0.731319554848967
kNN,0.1,108,0.817171136680297,0.745161290322581
kNN,0.1,109,0.817704478833758,0.744408945686901
kNN,0.1,110,0.806130127216574,0.730831973898858
kNN,0.25,101,0.760700952160449,0.663446054750403
kNN,0.25,102,0.771863927465467,0.679549114331723
kNN,0.25,103,0.774751830521228,0.683870967741935
kNN,0.25,104,0.767932079496922,0.67304625199362
kNN,0.25,105,0.781350389257083,0.68944099378882
kNN,0.25,106,0.795134596541131,0.709375
kNN,0.25,107,0.773197282849122,0.679245283018868
kNN,0.25,108,0.75572515927912,0.655063291139241
kNN,0.25,109,0.780428410185595,0.688473520249221
kNN,0.25,110,0.765432813359187,0.669871794871795
kNN,0.5,101,0.694401147719239,0.56828885400314
kNN,0.5,102,0.712817989754869,0.593939393939394
kNN,0.5,103,0.716338461411248,0.599063962558502
kNN,0.5,104,0.710174018381699,0.590417310664606
kNN,0.5,105,0.72592414965002,0.6125
kNN,0.5,106,0.749217558119824,0.642011834319527
kNN,0.5,107,0.739609130486912,0.63030303030303
kNN,0.5,108,0.7312348317905,0.617862371888726
kNN,0.5,109,0.716505906040823,0.598802395209581
kNN,0.5,110,0.697212563721984,0.573116691285081
SVM_calibrated,0,101,0.836464478999136,0.775777414075286
SVM_calibrated,0,102,0.836464478999136,0.775777414075286
SVM_calibrated,0,103,0.836464478999136,0.775777414075286
SVM_calibrated,0,104,0.836464478999136,0.775777414075286
SVM_calibrated,0,105,0.836464478999136,0.775777414075286
SVM_calibrated,0,106,0.836464478999136,0.775777414075286
SVM_calibrated,0,107,0.836464478999136,0.775777414075286
SVM_calibrated,0,108,0.836464478999136,0.775777414075286
SVM_calibrated,0,109,0.836464478999136,0.775777414075286
SVM_calibrated,0,110,0.836464478999136,0.775777414075286
SVM_calibrated,0.1,101,0.80770741428282,0.732899022801303
SVM_calibrated,0.1,102,0.818603718511107,0.749590834697218
SVM_calibrated,0.1,103,0.824501490463925,0.760797342192691
SVM_calibrated,0.1,104,0.810717283179877,0.739273927392739
SVM_calibrated,0.1,105,0.812705946558289,0.738709677419355
SVM_calibrated,0.1,106,0.809795304108388,0.73841059602649
SVM_calibrated,0.1,107,0.824790900934796,0.755627009646302
SVM_calibrated,0.1,108,0.823602250786576,0.755267423014587
SVM_calibrated,0.1,109,0.82202496372033,0.753246753246753
SVM_calibrated,0.1,110,0.813749891471073,0.741463414634146
SVM_calibrated,0.25,101,0.723646075800737,0.610561056105611
SVM_calibrated,0.25,102,0.742406075966114,0.639593908629442
SVM_calibrated,0.25,103,0.76737599794932,0.675496688741722
SVM_calibrated,0.25,104,0.753447085429837,0.655518394648829
SVM_calibrated,0.25,105,0.754125132818734,0.654723127035831
SVM_calibrated,0.25,106,0.756746364797764,0.659016393442623
SVM_calibrated,0.25,107,0.765554779200483,0.670988654781199
SVM_calibrated,0.25,108,0.75953504140637,0.660347551342812
SVM_calibrated,0.25,109,0.761500965390642,0.663492063492063
SVM_calibrated,0.25,110,0.752303914069897,0.650717703349282
SVM_calibrated,0.5,101,0.640118079472115,0.486754966887417
SVM_calibrated,0.5,102,0.656378813499758,0.508532423208191
SVM_calibrated,0.5,103,0.685691959763676,0.554455445544555
SVM_calibrated,0.5,104,0.673728971228465,0.536013400335008
SVM_calibrated,0.5,105,0.675306258294711,0.538461538461538
SVM_calibrated,0.5,106,0.677584332143994,0.544303797468354
SVM_calibrated,0.5,107,0.66074477717461,0.518032786885246
SVM_calibrated,0.5,108,0.656302326446742,0.513556618819777
SVM_calibrated,0.5,109,0.679938893046293,0.5472
SVM_calibrated,0.5,110,0.64904845971613,0.5
MLP_seed11,0,101,0.813094583476316,0.74025974025974
MLP_seed11,0,102,0.813094583476316,0.74025974025974
MLP_seed11,0,103,0.813094583476316,0.74025974025974
MLP_seed11,0,104,0.813094583476316,0.74025974025974
MLP_seed11,0,105,0.813094583476316,0.74025974025974
MLP_seed11,0,106,0.813094583476316,0.74025974025974
MLP_seed11,0,107,0.813094583476316,0.74025974025974
MLP_seed11,0,108,0.813094583476316,0.74025974025974
MLP_seed11,0,109,0.813094583476316,0.74025974025974
MLP_seed11,0,110,0.813094583476316,0.74025974025974
MLP_seed11,0.1,101,0.780794307709481,0.692431561996779
MLP_seed11,0.1,102,0.784070847683269,0.698051948051948
MLP_seed11,0.1,103,0.792490625167961,0.708133971291866
MLP_seed11,0.1,104,0.790258030106958,0.704944178628389
MLP_seed11,0.1,105,0.796567178371942,0.713153724247227
MLP_seed11,0.1,106,0.788947414117443,0.702702702702703
MLP_seed11,0.1,107,0.79224669348537,0.705148205928237
MLP_seed11,0.1,108,0.800110389422461,0.718600953895072
MLP_seed11,0.1,109,0.804986955856634,0.722741433021807
MLP_seed11,0.1,110,0.784482223995436,0.696343402225755
MLP_seed11,0.25,101,0.720315788168073,0.603886397608371
MLP_seed11,0.25,102,0.723958225665748,0.609642301710731
MLP_seed11,0.25,103,0.74812813441876,0.642967542503864
MLP_seed11,0.25,104,0.730412079166167,0.617960426179604
MLP_seed11,0.25,105,0.754970624837207,0.65144596651446
MLP_seed11,0.25,106,0.738031843420666,0.628224582701062
MLP_seed11,0.25,107,0.751838790098854,0.645833333333333
MLP_seed11,0.25,108,0.7183498641838,0.601190476190476
MLP_seed11,0.25,109,0.761157807260895,0.658682634730539
MLP_seed11,0.25,110,0.729246168412087,0.615844544095665
MLP_seed11,0.5,101,0.660081200309256,0.526315789473684
MLP_seed11,0.5,102,0.653726573255992,0.514285714285714
MLP_seed11,0.5,103,0.695779981891173,0.571428571428571
MLP_seed11,0.5,104,0.673332065439842,0.542568542568543
MLP_seed11,0.5,105,0.687893546559943,0.560939794419971
MLP_seed11,0.5,106,0.671099470378838,0.53968253968254
MLP_seed11,0.5,107,0.674132078670035,0.544159544159544
MLP_seed11,0.5,108,0.667700964563755,0.536170212765957
MLP_seed11,0.5,109,0.676997242331656,0.546783625730994
MLP_seed11,0.5,110,0.670299457148645,0.538011695906433
MLP_seed22,0,101,0.821781032037739,0.749206349206349
MLP_seed22,0,102,0.821781032037739,0.749206349206349
MLP_seed22,0,103,0.821781032037739,0.749206349206349
MLP_seed22,0,104,0.821781032037739,0.749206349206349
MLP_seed22,0,105,0.821781032037739,0.749206349206349
MLP_seed22,0,106,0.821781032037739,0.749206349206349
MLP_seed22,0,107,0.821781032037739,0.749206349206349
MLP_seed22,0,108,0.821781032037739,0.749206349206349
MLP_seed22,0,109,0.821781032037739,0.749206349206349
MLP_seed22,0,110,0.821781032037739,0.749206349206349
MLP_seed22,0.1,101,0.793313377792294,0.704441041347626
MLP_seed22,0.1,102,0.795911870377185,0.712025316455696
MLP_seed22,0.1,103,0.790136064265662,0.703470031545741
MLP_seed22,0.1,104,0.806175606004854,0.723338485316847
MLP_seed22,0.1,105,0.812073377957672,0.733542319749216
MLP_seed22,0.1,106,0.789236824588314,0.699537750385208
MLP_seed22,0.1,107,0.800255094657896,0.716744913928013
MLP_seed22,0.1,108,0.797877794361457,0.715421303656598
MLP_seed22,0.1,109,0.809718817055373,0.728682170542636
MLP_seed22,0.1,110,0.791591385490613,0.70404984423676
MLP_seed22,0.25,101,0.721115801398266,0.604719764011799
MLP_seed22,0.25,102,0.735410611441636,0.624434389140271
MLP_seed22,0.25,103,0.749461489802415,0.643504531722054
MLP_seed22,0.25,104,0.748806181807658,0.642533936651584
MLP_seed22,0.25,105,0.75079484518607,0.644017725258493
MLP_seed22,0.25,106,0.747784976289014,0.639416058394161
MLP_seed22,0.25,107,0.743685683690893,0.635542168674699
MLP_seed22,0.25,108,0.724537046607489,0.609077598828697
MLP_seed22,0.25,109,0.762635867879986,0.658008658008658
MLP_seed22,0.25,110,0.723858999218592,0.608695652173913
MLP_seed22,0.5,101,0.62608167163488,0.484593837535014
MLP_seed22,0.5,102,0.632345341111584,0.488304093567251
MLP_seed22,0.5,103,0.653094004655374,0.515373352855051
MLP_seed22,0.5,104,0.667700964563755,0.536170212765957
MLP_seed22,0.5,105,0.667411554092884,0.534306569343066
MLP_seed22,0.5,106,0.667045656568998,0.535410764872521
MLP_seed22,0.5,107,0.637999181381811,0.496371552975327
MLP_seed22,0.5,108,0.654137949568158,0.51622418879056
MLP_seed22,0.5,109,0.674132078670035,0.544159544159544
MLP_seed22,0.5,110,0.637366612781193,0.497878359264498
MLP_seed33,0,101,0.83636525255198,0.768503937007874
MLP_seed33,0,102,0.83636525255198,0.768503937007874
MLP_seed33,0,103,0.83636525255198,0.768503937007874
MLP_seed33,0,104,0.83636525255198,0.768503937007874
MLP_seed33,0,105,0.83636525255198,0.768503937007874
MLP_seed33,0,106,0.83636525255198,0.768503937007874
MLP_seed33,0,107,0.83636525255198,0.768503937007874
MLP_seed33,0,108,0.83636525255198,0.768503937007874
MLP_seed33,0,109,0.83636525255198,0.768503937007874
MLP_seed33,0,110,0.83636525255198,0.768503937007874
MLP_seed33,0.1,101,0.791324714413882,0.704225352112676
MLP_seed33,0.1,102,0.809185474901911,0.729264475743349
MLP_seed33,0.1,103,0.807219550917638,0.725856697819315
MLP_seed33,0.1,104,0.809452145978641,0.728971962616822
MLP_seed33,0.1,105,0.801466484200255,0.714069591527988
MLP_seed33,0.1,106,0.81561658900819,0.738993710691824
MLP_seed33,0.1,107,0.816416602238383,0.737984496124031
MLP_seed33,0.1,108,0.791591385490613,0.70404984423676
MLP_seed33,0.1,109,0.813528699182622,0.73374613003096
MLP_seed33,0.1,110,0.801177073729385,0.717628705148206
MLP_seed33,0.25,101,0.736233364065969,0.624092888243832
MLP_seed33,0.25,102,0.728346928734739,0.614035087719298
MLP_seed33,0.25,103,0.742763704619405,0.634441087613293
MLP_seed33,0.25,104,0.751404674392548,0.64797507788162
MLP_seed33,0.25,105,0.744241765238495,0.634643377001456
MLP_seed33,0.25,106,0.740698554187976,0.629898403483309
MLP_seed33,0.25,107,0.738054582814806,0.627218934911243
MLP_seed33,0.25,108,0.729512839488818,0.616071428571429
MLP_seed33,0.25,109,0.756570651297592,0.651851851851852
MLP_seed33,0.25,110,0.741453088629889,0.632530120481928
MLP_seed33,0.5,101,0.631880217140542,0.493827160493827
MLP_seed33,0.5,102,0.673332065439842,0.542568542568543
MLP_seed33,0.5,103,0.675054057741523,0.545454545454545
MLP_seed33,0.5,104,0.665689561791203,0.531157270029674
MLP_seed33,0.5,105,0.667167622410293,0.535050071530758
MLP_seed33,0.5,106,0.682940493072754,0.555712270803949
MLP_seed33,0.5,107,0.666900951333562,0.53448275862069
MLP_seed33,0.5,108,0.647074266861261,0.509298998569385
MLP_seed33,0.5,109,0.669422956865437,0.539106145251397
MLP_seed33,0.5,110,0.639743913077632,0.502092050209205
