Model,Sigma,MeanBA,StdBA,MeanF1,StdF1,MeanBADrop,MeanF1Drop
LR,0,0.665286454349633,0,0.520210896309314,1.1702778228589e-16,0,1.11022302462516e-16
LR,0.1,0.667176924889714,0.0049311793063831,0.523092479852509,0.00808581160328295,-0.00189047054008129,-0.00288158354319457
LR,0.25,0.665374104377954,0.00586800712426277,0.519951297493804,0.009456580917305,-8.76500283208959e-05,0.000259598815510742
LR,0.5,0.657382447668385,0.00416054898455697,0.507992577431287,0.00626622194470939,0.00790400668124747,0.0122183188780275
kNN,0,0.830566707046318,2.3405556457178e-16,0.764516129032258,0,2.22044604925031e-16,0
kNN,0.1,0.816848030561746,0.00659538447161363,0.743669051375987,0.00856148333138806,0.0137186764845724,0.0208470776562709
kNN,0.25,0.77265174411153,0.0113071714908211,0.679138227188563,0.0151985452513058,0.0579149629347876,0.0853779018436954
kNN,0.5,0.719343575707712,0.017459499166908,0.602630584417159,0.0234486692967928,0.111223131338606,0.1618855446151
SVM_calibrated,0,0.836464478999136,1.1702778228589e-16,0.775777414075287,1.1702778228589e-16,-1.11022302462516e-16,-1.11022302462516e-16
SVM_calibrated,0.1,0.816819916401718,0.00662312873101591,0.746528600107158,0.00947713766446898,0.0196445625974175,0.0292488139681281
SVM_calibrated,0.25,0.75366414328299,0.0127572367260373,0.654045554156941,0.0183009877342391,0.0828003357161462,0.121731859918345
SVM_calibrated,0.5,0.665484287078649,0.0150237020463901,0.524731097761009,0.0225419151904371,0.170980191920487,0.251046316314278
MLP_seed11,0,0.813094583476316,0,0.74025974025974,1.1702778228589e-16,0,-1.11022302462516e-16
MLP_seed11,0.1,0.791495466591696,0.00753040710366707,0.706225208198978,0.0097040566374543,0.0215991168846204,0.0340345320607619
MLP_seed11,0.25,0.737640932563226,0.0154464156384444,0.62756782055681,0.0208623658967218,0.07545365091309,0.11269191970293
MLP_seed11,0.5,0.673104258054914,0.0121808205685023,0.542034603042195,0.0160622203584904,0.139990325421402,0.198225137217545
MLP_seed22,0,0.821781032037739,0,0.749206349206349,0,0,0
MLP_seed22,0.1,0.798629021255132,0.00822870763514743,0.714125317716434,0.0115872960952523,0.0231520107826073,0.0350810314899151
MLP_seed22,0.25,0.740809150332202,0.0139081629911065,0.630995048286433,0.0182318967477729,0.0809718817055373,0.118211300919916
MLP_seed22,0.5,0.651731501502867,0.0172353256117535,0.514879247612879,0.0220269225215353,0.170049530534872,0.23432710159347
MLP_seed33,0,0.83636525255198,0,0.768503937007874,0,0,0
MLP_seed33,0.1,0.805697872006152,0.00911098429590917,0.723479096605193,0.0128961036653567,0.0306673805458282,0.045024840402681
MLP_seed33,0.25,0.740928015347024,0.00874336470606601,0.631275825775926,0.0121268178443544,0.0954372372049564,0.137228111231948
MLP_seed33,0.5,0.661920610573405,0.0166066064112505,0.528874981353197,0.0202511848216247,0.174444641978575,0.239628955654677
